{
  "Past_lv": 168.25994241514923,
  "Vast_lv": 187.61383987919169,
  "LVM": 231.74955755414078,
  "Vm": 240.07130012984425,
  "c3": -0.00010721217890087196,
  "c2": 0.0088462569038019051,
  "c1": 0.22927374960797048,
  "c0": -11.930471468913375,
  "alpha": 5.3944904363190557E-13,
  "beta": 5.5831166222253241,
  "Vusv_step": 268.38658348320985,
  "V0": 36.616430093554243,
  "Vd": 9.965230974828053,
  "Vusv_step_time": 30
}