{
  "Past_lv": 236.68268754696135,
  "Vast_lv": 260.03151557710856,
  "LVM": 271.95987467953933,
  "Vm": 249.87518334299921,
  "c3": -0.00078030787225484219,
  "c2": 0.041123762953890045,
  "c1": 0.42937905234857066,
  "c0": -16.262028945159489,
  "alpha": 2.5092180281492767E-13,
  "beta": 5.5724523221691475,
  "Vusv_step": 123.12026872706521,
  "V0": 42.969660199367219,
  "Vd": 11.694274611220189,
  "Vusv_step_time": 30
}