{
  "Past_lv": 269.21852330807968,
  "Vast_lv": 175.1959248854312,
  "LVM": 203.5006237916524,
  "Vm": 237.18979477356032,
  "c3": -0.00036892690379774671,
  "c2": 0.0068361172613472035,
  "c1": 0.38439008114120377,
  "c0": -14.851628367959886,
  "alpha": 4.0394089511590782E-12,
  "beta": 5.8046741154497985,
  "Vusv_step": 4.1312332551094073,
  "V0": 32.15309855908108,
  "Vd": 8.7505268230410529,
  "Vusv_step_time": 30
}