{
  "Past_lv": 151.32946391459319,
  "Vast_lv": 213.3175385513685,
  "LVM": 288.62049874855063,
  "Vm": 234.37217729583668,
  "c3": -0.00071928292660634939,
  "c2": 0.04090170550507867,
  "c1": 0.46108753492263971,
  "c0": -14.587831243073001,
  "alpha": 1.4292017168420768E-12,
  "beta": 5.7768080908822874,
  "Vusv_step": 203.56724963009637,
  "V0": 45.602038802271,
  "Vd": 12.410681446187677,
  "Vusv_step_time": 30
}