{
  "Past_lv": 193.77190372731457,
  "Vast_lv": 261.02481799717577,
  "LVM": 272.76718315958919,
  "Vm": 245.13575145013513,
  "c3": -0.00068911900802073411,
  "c2": 0.0030342574315338419,
  "c1": 0.49976011983277324,
  "c0": -12.472914494800023,
  "alpha": 3.3860276330149549E-12,
  "beta": 5.6483788224572153,
  "Vusv_step": 237.26304227465437,
  "V0": 43.097214939215092,
  "Vd": 11.728988875862335,
  "Vusv_step_time": 30
}