{
  "Past_lv": 188.62348066698422,
  "Vast_lv": 257.48020618275632,
  "LVM": 259.76401704927969,
  "Vm": 235.73676094324929,
  "c3": -0.00086839166494862344,
  "c2": 0.010185632502204528,
  "c1": 0.031040695492255844,
  "c0": -14.376837128490846,
  "alpha": 2.4382455316283003E-12,
  "beta": 5.5049645503841349,
  "Vusv_step": 130.58091213310021,
  "V0": 41.042714693786195,
  "Vd": 11.169852733119026,
  "Vusv_step_time": 30
}