{
  "Past_lv": 189.641681207595,
  "Vast_lv": 215.27331797733905,
  "LVM": 214.00126750404092,
  "Vm": 239.224401344565,
  "c3": -0.0010829962531611601,
  "c2": 0.027093641412375732,
  "c1": 0.25926643046496095,
  "c0": -11.764220956767439,
  "alpha": 3.66931155024024E-12,
  "beta": 5.7620471528663151,
  "Vusv_step": 273.940145175785,
  "V0": 33.812200265638467,
  "Vd": 9.202054502673759,
  "Vusv_step_time": 30
}