{
  "Past_lv": 146.36310911566369,
  "Vast_lv": 208.03780995644641,
  "LVM": 282.9110759296093,
  "Vm": 240.61990583454394,
  "c3": -0.00023642162774899103,
  "c2": 0.034064813645910907,
  "c1": 0.21551836232885219,
  "c0": -14.464921357840877,
  "alpha": 2.3978726888488906E-12,
  "beta": 5.6652273752301614,
  "Vusv_step": 286.23682794152472,
  "V0": 44.699949996878267,
  "Vd": 12.1651762649732,
  "Vusv_step_time": 30
}