{
  "Past_lv": 201.43006472525931,
  "Vast_lv": 274.00131729252723,
  "LVM": 276.55235545335745,
  "Vm": 246.82742278702713,
  "c3": -0.00073503038460763287,
  "c2": 0.020660294280330803,
  "c1": 0.32970432232662245,
  "c0": -14.347230628778121,
  "alpha": 3.9599012585415757E-12,
  "beta": 5.456278567366537,
  "Vusv_step": 66.140287371091731,
  "V0": 43.695272161630484,
  "Vd": 11.891751284494369,
  "Vusv_step_time": 30
}