{
  "Past_lv": 192.86139761305455,
  "Vast_lv": 206.76668069556186,
  "LVM": 252.96307592959568,
  "Vm": 237.55099976607798,
  "c3": -0.00033629280244197265,
  "c2": 0.0031536649002946171,
  "c1": 0.27703558522997823,
  "c0": -12.847224722525832,
  "alpha": 5.7027553730111327E-13,
  "beta": 5.4403968307175949,
  "Vusv_step": 206.60141097720546,
  "V0": 39.968165996876117,
  "Vd": 10.877412264972612,
  "Vusv_step_time": 30
}