{
  "Past_lv": 225.69743286618689,
  "Vast_lv": 249.41290792218626,
  "LVM": 267.75112593900172,
  "Vm": 236.932098279093,
  "c3": -0.00051375125712437323,
  "c2": 0.0085625808381245491,
  "c1": 0.47263147081773837,
  "c0": -11.626315015820673,
  "alpha": 2.3035330579727243E-12,
  "beta": 5.72388160316077,
  "Vusv_step": 201.86974576888136,
  "V0": 42.304677898362272,
  "Vd": 11.513298415377074,
  "Vusv_step_time": 30
}