{
  "Past_lv": 166.60295778452826,
  "Vast_lv": 293.52656237984883,
  "LVM": 261.25007859431321,
  "Vm": 248.77048231829511,
  "c3": -0.00072826597438900543,
  "c2": 0.0062392795309530319,
  "c1": 0.59737359889374153,
  "c0": -13.204773284007036,
  "alpha": 6.248111586867308E-13,
  "beta": 5.4758204291887616,
  "Vusv_step": 8.8932778266892534,
  "V0": 41.277512417901491,
  "Vd": 11.233753379555466,
  "Vusv_step_time": 30
}