{
  "Past_lv": 268.63413759495683,
  "Vast_lv": 195.27036864126848,
  "LVM": 217.67275183215594,
  "Vm": 242.76608800068163,
  "c3": -0.00020937480943938186,
  "c2": 0.012636473069614199,
  "c1": 0.056026114497416964,
  "c0": -16.033920943080474,
  "alpha": 1.834611683567779E-12,
  "beta": 5.68761695454528,
  "Vusv_step": 271.06041085504268,
  "V0": 34.392294789480637,
  "Vd": 9.359928328782706,
  "Vusv_step_time": 30
}