{
  "Past_lv": 209.65570400336787,
  "Vast_lv": 178.12341304760469,
  "LVM": 190.71162208121115,
  "Vm": 244.45406138527204,
  "c3": -0.00083627666030304092,
  "c2": 0.0328507738895313,
  "c1": 0.50599858098698014,
  "c0": -16.433884227571419,
  "alpha": 2.7285314265139953E-12,
  "beta": 5.8127875705970631,
  "Vusv_step": 140.99276446823768,
  "V0": 30.132436288831364,
  "Vd": 8.20059974949208,
  "Vusv_step_time": 30
}