{
  "Past_lv": 219.99519039179907,
  "Vast_lv": 242.99963178078298,
  "LVM": 208.11848096378134,
  "Vm": 235.68866209885547,
  "c3": -0.00070110912225665413,
  "c2": -0.002898217405573271,
  "c1": 0.34802297407796012,
  "c0": -14.099903280873351,
  "alpha": 1.6456770132528157E-12,
  "beta": 5.682611620187064,
  "Vusv_step": 66.9411835900465,
  "V0": 32.882719992277451,
  "Vd": 8.9490946814425971,
  "Vusv_step_time": 30
}