{
  "Past_lv": 155.22849725690043,
  "Vast_lv": 278.03247173497311,
  "LVM": 204.21972358223309,
  "Vm": 233.20905022331607,
  "c3": -0.00097809493124369055,
  "c2": 0.044110677865796283,
  "c1": 0.18653375257170157,
  "c0": -16.257608042843405,
  "alpha": 2.2637697240959821E-12,
  "beta": 5.5316362413254678,
  "Vusv_step": 136.03772893734546,
  "V0": 32.266716325992832,
  "Vd": 8.7814481140360225,
  "Vusv_step_time": 30
}