{
  "Past_lv": 232.00085491801318,
  "Vast_lv": 245.46841348599978,
  "LVM": 250.20367078917067,
  "Vm": 240.86230339014634,
  "c3": -0.00023469370808790202,
  "c2": 0.015684093554394034,
  "c1": 0.43263226079421335,
  "c0": -11.874582388509571,
  "alpha": 2.8337919231305408E-12,
  "beta": 5.4859388267920091,
  "Vusv_step": 245.13601719303938,
  "V0": 39.532179984688966,
  "Vd": 10.758757843934339,
  "Vusv_step_time": 30
}