{
  "Past_lv": 133.54721970193191,
  "Vast_lv": 210.50315389545125,
  "LVM": 187.8830498598974,
  "Vm": 230.28321117054753,
  "c3": -4.988580554523463E-5,
  "c2": 0.03183722716312766,
  "c1": 0.55706433480638562,
  "c0": -12.076814402028445,
  "alpha": 3.6607524313162485E-12,
  "beta": 5.7258756169600211,
  "Vusv_step": 291.03003941764035,
  "V0": 29.685521877863788,
  "Vd": 8.078971143975588,
  "Vusv_step_time": 30
}