{
  "Past_lv": 251.07566592679294,
  "Vast_lv": 232.5961557631577,
  "LVM": 255.64587080442669,
  "Vm": 238.84654976155187,
  "c3": -0.00073969316704884463,
  "c2": 0.045334630438717348,
  "c1": 0.23251406618975703,
  "c0": -16.59860027537297,
  "alpha": 1.3559701053776732E-12,
  "beta": 5.55872828713831,
  "Vusv_step": 71.700677429466509,
  "V0": 40.39204758709942,
  "Vd": 10.992772444590349,
  "Vusv_step_time": 30
}