{
  "Past_lv": 194.49369890055715,
  "Vast_lv": 176.66151995186644,
  "LVM": 270.26224500841317,
  "Vm": 234.67428619045938,
  "c3": -0.00017646822136939974,
  "c2": 5.2195504698496209E-5,
  "c1": 0.46551892793991423,
  "c0": -16.480952336973239,
  "alpha": 1.8992092845699396E-12,
  "beta": 5.51261639155362,
  "Vusv_step": 15.206738375086962,
  "V0": 42.701434711329284,
  "Vd": 11.621276535361767,
  "Vusv_step_time": 30
}