{
  "Past_lv": 132.98736295973438,
  "Vast_lv": 197.04781514755328,
  "LVM": 213.01880307418418,
  "Vm": 249.00431090667382,
  "c3": -0.001055336297573581,
  "c2": 0.040176478096466371,
  "c1": 0.1737693597684879,
  "c0": -15.975672968208283,
  "alpha": 5.4832043792153786E-13,
  "beta": 5.4493013018503458,
  "Vusv_step": 48.348796524103591,
  "V0": 33.6569708857211,
  "Vd": 9.1598085321899188,
  "Vusv_step_time": 30
}