{
  "Past_lv": 144.56212244312692,
  "Vast_lv": 271.15830605633118,
  "LVM": 192.2665635997227,
  "Vm": 248.58710243086796,
  "c3": -0.00085511651145789487,
  "c2": -0.00088780147719171726,
  "c1": 0.38879894063996012,
  "c0": -13.291187510739842,
  "alpha": 1.9229119906331908E-12,
  "beta": 5.686900410527862,
  "Vusv_step": 247.53842831798951,
  "V0": 30.378117048756188,
  "Vd": 8.2674622347880753,
  "Vusv_step_time": 30
}