{
  "Past_lv": 196.40291385872553,
  "Vast_lv": 299.01882880284654,
  "LVM": 222.49243151117273,
  "Vm": 234.72673583735579,
  "c3": -0.00099528557046812656,
  "c2": 0.018525805362786973,
  "c1": 0.28487819716008633,
  "c0": -12.297820910542566,
  "alpha": 2.1868225996824524E-12,
  "beta": 5.7359942971701674,
  "Vusv_step": 287.50718806521917,
  "V0": 35.153804178765292,
  "Vd": 9.5671745549804275,
  "Vusv_step_time": 30
}