{
  "Past_lv": 219.84052336532031,
  "Vast_lv": 184.75610490850917,
  "LVM": 216.7396793664544,
  "Vm": 233.18833560044007,
  "c3": -0.0007737933692026815,
  "c2": 0.010708182011510629,
  "c1": 0.4300053455064477,
  "c0": -15.743356086782146,
  "alpha": 2.706651015824496E-12,
  "beta": 5.8140209750514744,
  "Vusv_step": 169.743971363209,
  "V0": 34.244869339899793,
  "Vd": 9.3198062127575376,
  "Vusv_step_time": 30
}