{
  "Past_lv": 265.29651634190668,
  "Vast_lv": 225.63181890690927,
  "LVM": 296.60090118926121,
  "Vm": 242.64269213272851,
  "c3": -0.00049907124991983257,
  "c2": 0.0078188262447418527,
  "c1": 0.37985797343388727,
  "c0": -15.918690692053868,
  "alpha": 1.8880781703876473E-12,
  "beta": 5.4293231283600756,
  "Vusv_step": 11.579684507722106,
  "V0": 46.862942387903274,
  "Vd": 12.753838751138233,
  "Vusv_step_time": 30
}