{
  "Past_lv": 216.70894840636339,
  "Vast_lv": 279.78546416444271,
  "LVM": 292.40161828928035,
  "Vm": 243.92914742674284,
  "c3": -0.00090543566868422464,
  "c2": 0.0046919450082108863,
  "c1": 0.048470122408209471,
  "c0": -13.741894918289525,
  "alpha": 7.5744118384648776E-13,
  "beta": 5.4148458375910993,
  "Vusv_step": 131.33370320814893,
  "V0": 46.1994556897063,
  "Vd": 12.573269586439055,
  "Vusv_step_time": 30
}