{
  "Past_lv": 214.2848389285802,
  "Vast_lv": 271.33263351045639,
  "LVM": 202.84439329464607,
  "Vm": 246.0012678323736,
  "c3": -0.000421719606777364,
  "c2": 0.035120874973820361,
  "c1": 0.10744699634863748,
  "c0": -13.928598192002751,
  "alpha": 2.0606752233039362E-12,
  "beta": 5.606681207802481,
  "Vusv_step": 80.201032903479074,
  "V0": 32.049414140554084,
  "Vd": 8.72230891166978,
  "Vusv_step_time": 30
}