{
  "Past_lv": 241.16883600190414,
  "Vast_lv": 211.17230578883965,
  "LVM": 236.42416085300081,
  "Vm": 240.17655342647723,
  "c3": -0.00033048988120904031,
  "c2": 0.020325487279320334,
  "c1": 0.48183606948817287,
  "c0": -14.620124037549072,
  "alpha": 3.8444330118303813E-12,
  "beta": 5.8469624505609072,
  "Vusv_step": 109.48596229450523,
  "V0": 37.355017414774132,
  "Vd": 10.166238916679035,
  "Vusv_step_time": 30
}