{
  "Past_lv": 221.9587007701524,
  "Vast_lv": 196.42755238837574,
  "LVM": 210.26249105165718,
  "Vm": 242.45247679048236,
  "c3": -0.000499567736446883,
  "c2": 0.043939654098717917,
  "c1": 0.34677647677340545,
  "c0": -14.4509992531004,
  "alpha": 1.607873612573595E-12,
  "beta": 5.7899220766958788,
  "Vusv_step": 77.748236204091441,
  "V0": 33.221473586161835,
  "Vd": 9.0412871152212588,
  "Vusv_step_time": 30
}