{
  "Past_lv": 237.8600113614315,
  "Vast_lv": 227.08713315564717,
  "LVM": 272.63019442603559,
  "Vm": 249.31094483179442,
  "c3": -0.0010730395565216441,
  "c2": 0.037462257294501436,
  "c1": 0.327327303835676,
  "c0": -16.237141343604065,
  "alpha": 3.0345607239098842E-12,
  "beta": 5.4808448083887624,
  "Vusv_step": 134.36002873464926,
  "V0": 43.075570719313625,
  "Vd": 11.723098360319529,
  "Vusv_step_time": 30
}