{
  "Past_lv": 135.85809534285502,
  "Vast_lv": 288.02260888723328,
  "LVM": 285.53239858930965,
  "Vm": 249.50648872067731,
  "c3": -0.00032218931769100172,
  "c2": 0.024822095288627517,
  "c1": 0.24000527134380983,
  "c0": -14.628110251292394,
  "alpha": 2.20331048373969E-12,
  "beta": 5.6498563962270048,
  "Vusv_step": 144.01891243638781,
  "V0": 45.114118977110927,
  "Vd": 12.277893139340314,
  "Vusv_step_time": 30
}