{
  "Past_lv": 208.4144901194876,
  "Vast_lv": 296.43746328940961,
  "LVM": 257.85281868926194,
  "Vm": 244.77473172402449,
  "c3": -0.00045255636510082805,
  "c2": 0.039230139103227542,
  "c1": 0.234184974718694,
  "c0": -14.88490457430823,
  "alpha": 1.7923172673691605E-12,
  "beta": 5.5540549907190719,
  "Vusv_step": 227.79677098278884,
  "V0": 40.740745352903389,
  "Vd": 11.087671203638262,
  "Vusv_step_time": 30
}