{
  "Past_lv": 218.18668804480075,
  "Vast_lv": 186.03640132300819,
  "LVM": 299.85039151556271,
  "Vm": 232.66121324768753,
  "c3": -0.00025906772822768625,
  "c2": -0.00011399857897424759,
  "c1": 0.40948719948763951,
  "c0": -13.162077224994757,
  "alpha": 1.3709417869399406E-12,
  "beta": 5.4269246565661193,
  "Vusv_step": 178.37504509033744,
  "V0": 47.37636185945891,
  "Vd": 12.893566835169194,
  "Vusv_step_time": 30
}