{
  "Past_lv": 265.9421565178946,
  "Vast_lv": 222.95766216014019,
  "LVM": 196.75581259146639,
  "Vm": 231.18678797819155,
  "c3": -0.000602018938012325,
  "c2": 0.043680938407405071,
  "c1": 0.48490180345056227,
  "c0": -14.153020840595554,
  "alpha": 1.6165882015479415E-12,
  "beta": 5.8225322890320594,
  "Vusv_step": 149.755008778117,
  "V0": 31.087418389451692,
  "Vd": 8.4604999414330546,
  "Vusv_step_time": 30
}