{
  "Past_lv": 156.76457814541504,
  "Vast_lv": 297.25372231659566,
  "LVM": 220.57172178538283,
  "Vm": 237.71403448279349,
  "c3": -0.00052728184557732072,
  "c2": 0.028248345776062878,
  "c1": 0.11155866757373006,
  "c0": -15.488045846441356,
  "alpha": 1.7468719160342165E-12,
  "beta": 5.5676549611803869,
  "Vusv_step": 98.117123834209309,
  "V0": 34.850332042090493,
  "Vd": 9.4845840367714622,
  "Vusv_step_time": 30
}