{
  "Past_lv": 261.25962670225175,
  "Vast_lv": 205.78123268777659,
  "LVM": 180.71854268132228,
  "Vm": 237.96468081753042,
  "c3": -0.00018087777031185984,
  "c2": 0.029514150966034575,
  "c1": 0.038481086387970764,
  "c0": -12.933394930594936,
  "alpha": 8.4956596404903229E-13,
  "beta": 5.4230165510651167,
  "Vusv_step": 143.99718147460604,
  "V0": 28.553529743648919,
  "Vd": 7.7708973352968576,
  "Vusv_step_time": 30
}