{
  "Past_lv": 159.36941207539974,
  "Vast_lv": 217.20443877086853,
  "LVM": 176.11600695156582,
  "Vm": 233.90640033309688,
  "c3": -0.00018593263605651484,
  "c2": 0.01376741396047667,
  "c1": 0.47510900164307585,
  "c0": -16.360404860322124,
  "alpha": 2.5078495777115839E-12,
  "beta": 5.8265942450526955,
  "Vusv_step": 229.4160863409241,
  "V0": 27.8263290983474,
  "Vd": 7.5729882989173305,
  "Vusv_step_time": 30
}