{
  "Past_lv": 247.99887557458112,
  "Vast_lv": 199.10214142817068,
  "LVM": 238.913536276247,
  "Vm": 234.96714772804231,
  "c3": -0.000556207992654998,
  "c2": 0.019998635103374546,
  "c1": 0.35476487403588997,
  "c0": -12.781780715166393,
  "alpha": 9.8928534021155848E-13,
  "beta": 5.416786568103678,
  "Vusv_step": 290.05754379895,
  "V0": 37.748338731647024,
  "Vd": 10.273282059878619,
  "Vusv_step_time": 30
}