{
  "Past_lv": 219.36852933523556,
  "Vast_lv": 299.79755296370661,
  "LVM": 279.53724003210493,
  "Vm": 246.6984648370719,
  "c3": -0.0010852849096681413,
  "c2": 0.014035457641539795,
  "c1": 0.22184182157239776,
  "c0": -15.058285620733674,
  "alpha": 9.0520893410297615E-13,
  "beta": 5.5763096907988219,
  "Vusv_step": 69.219497852383768,
  "V0": 44.166883925072582,
  "Vd": 12.020101321380512,
  "Vusv_step_time": 30
}