{
  "Past_lv": 252.43785356180859,
  "Vast_lv": 206.42914470674009,
  "LVM": 277.46570444382684,
  "Vm": 231.92732018088654,
  "c3": -0.00089125727315136655,
  "c2": 0.026578810717179897,
  "c1": 0.53873733287016534,
  "c0": -12.55047440088069,
  "alpha": 4.1118886985863885E-12,
  "beta": 5.7812662899759149,
  "Vusv_step": 147.90516435006111,
  "V0": 43.839581302124643,
  "Vd": 11.931025291084554,
  "Vusv_step_time": 30
}