{
  "Past_lv": 182.39190229740956,
  "Vast_lv": 284.10803999924508,
  "LVM": 281.01280513941691,
  "Vm": 232.31008464141652,
  "c3": -0.000684516366316073,
  "c2": -0.00034619918721652543,
  "c1": 0.021983125617152204,
  "c0": -13.063291830051329,
  "alpha": 6.8223999669798439E-13,
  "beta": 5.52059069559636,
  "Vusv_step": 210.7624501885519,
  "V0": 44.400023212027875,
  "Vd": 12.083550620994927,
  "Vusv_step_time": 30
}