{
  "Past_lv": 120.78583313589317,
  "Vast_lv": 216.96256472331282,
  "LVM": 263.97656375945309,
  "Vm": 232.03939374693448,
  "c3": -0.00050581091156483207,
  "c2": 0.032544218456904,
  "c1": 0.56499405254405732,
  "c0": -13.87138001234846,
  "alpha": 5.6154348809010576E-13,
  "beta": 5.5266225937312754,
  "Vusv_step": 184.38468612605777,
  "V0": 41.708297073993592,
  "Vd": 11.350992241656481,
  "Vusv_step_time": 30
}