{
  "Past_lv": 223.95523678827715,
  "Vast_lv": 240.343937980595,
  "LVM": 282.20352529242768,
  "Vm": 246.87324755199816,
  "c3": -0.0002627735816955614,
  "c2": 0.024450810143137207,
  "c1": 0.3575165408526601,
  "c0": -15.870463952344195,
  "alpha": 2.4078029583929865E-12,
  "beta": 5.6442160129127821,
  "Vusv_step": 226.85984821094416,
  "V0": 44.58815699620358,
  "Vd": 12.134751587574391,
  "Vusv_step_time": 30
}