{
  "Past_lv": 124.41944928874787,
  "Vast_lv": 243.86463945839324,
  "LVM": 207.11170631009085,
  "Vm": 234.63042217380459,
  "c3": -0.0001128603019949579,
  "c2": 0.017273164173556468,
  "c1": 0.15672229196094253,
  "c0": -14.763323880096548,
  "alpha": 2.45605008251914E-12,
  "beta": 5.7987625833323717,
  "Vusv_step": 7.59535347894308,
  "V0": 32.723649596994356,
  "Vd": 8.9058033713339064,
  "Vusv_step_time": 30
}