{
  "Past_lv": 163.17521594741368,
  "Vast_lv": 199.62289636387351,
  "LVM": 289.22452733263992,
  "Vm": 231.4916829518977,
  "c3": -0.000880962118225152,
  "c2": 0.00095641075880462806,
  "c1": 0.35785787665837565,
  "c0": -14.061759885654043,
  "alpha": 3.210794066524124E-13,
  "beta": 5.7844749038112306,
  "Vusv_step": 145.91523216006985,
  "V0": 45.69747531855711,
  "Vd": 12.436654675303517,
  "Vusv_step_time": 30
}