{
  "Past_lv": 153.6645818736632,
  "Vast_lv": 247.83718330037769,
  "LVM": 202.03609342951808,
  "Vm": 236.89501959281941,
  "c3": -0.00024882187836367485,
  "c2": 0.010976740090604988,
  "c1": 0.52393650607300113,
  "c0": -12.497408218495357,
  "alpha": 1.0823640110610552E-12,
  "beta": 5.6144917119461235,
  "Vusv_step": 196.56994687538079,
  "V0": 31.921702761863859,
  "Vd": 8.6875520174692777,
  "Vusv_step_time": 30
}