{
  "Past_lv": 210.80535416475368,
  "Vast_lv": 288.35088872250003,
  "LVM": 224.57759966439755,
  "Vm": 237.1078680783248,
  "c3": -0.000130038859864007,
  "c2": 0.015418101489562217,
  "c1": 0.10955916761945551,
  "c0": -15.905317957652031,
  "alpha": 3.6480842708671237E-12,
  "beta": 5.5341479665856612,
  "Vusv_step": 175.16133279841412,
  "V0": 35.483260746974814,
  "Vd": 9.6568367855690944,
  "Vusv_step_time": 30
}