{
  "Past_lv": 211.41499170009536,
  "Vast_lv": 291.35277706436852,
  "LVM": 271.61056019052279,
  "Vm": 230.46234730208207,
  "c3": -0.00024116771273532652,
  "c2": 0.021782036458690281,
  "c1": 0.32101274658836287,
  "c0": -11.809857958956352,
  "alpha": 1.6442189018786142E-12,
  "beta": 5.7397415641207088,
  "Vusv_step": 161.44679614297075,
  "V0": 42.914468510102608,
  "Vd": 11.679254088192479,
  "Vusv_step_time": 30
}