{
  "Past_lv": 201.12578403624545,
  "Vast_lv": 295.60090102912244,
  "LVM": 206.57765240147154,
  "Vm": 246.44163701711091,
  "c3": -0.0010680615484086327,
  "c2": 0.0050866811579493229,
  "c1": 0.11433819305950629,
  "c0": -14.41707459168753,
  "alpha": 4.0156096993406433E-12,
  "beta": 5.5072733454117078,
  "Vusv_step": 5.68228660369942,
  "V0": 32.639269079432509,
  "Vd": 8.8828390532632753,
  "Vusv_step_time": 30
}