{
  "Past_lv": 267.12688619572361,
  "Vast_lv": 283.88950696611533,
  "LVM": 201.35846368614887,
  "Vm": 236.39816424056073,
  "c3": -0.000630210154833904,
  "c2": 0.042526610922995256,
  "c1": 0.59350474064442715,
  "c0": -12.330507532176894,
  "alpha": 7.1127889159273411E-13,
  "beta": 5.8495299616168728,
  "Vusv_step": 235.70067923775554,
  "V0": 31.814637262411519,
  "Vd": 8.6584139385044,
  "Vusv_step_time": 30
}