{
  "Past_lv": 247.35078692632356,
  "Vast_lv": 219.13121460535439,
  "LVM": 202.64891968102228,
  "Vm": 238.49294951715538,
  "c3": -0.00049611794422999586,
  "c2": 0.033530759123423542,
  "c1": 0.30487872883411637,
  "c0": -12.870690218334261,
  "alpha": 3.3587870613868823E-12,
  "beta": 5.758537169856969,
  "Vusv_step": 256.87190469672186,
  "V0": 32.018529309601519,
  "Vd": 8.7139035462839587,
  "Vusv_step_time": 30
}