{
  "Past_lv": 160.56108993493177,
  "Vast_lv": 258.81548407834828,
  "LVM": 265.84000930645647,
  "Vm": 249.0990181268011,
  "c3": -0.000344971082654325,
  "c2": 0.041429466499405432,
  "c1": 0.47423948975257052,
  "c0": -15.309342688237967,
  "alpha": 3.0037639237519524E-13,
  "beta": 5.6127970410349928,
  "Vusv_step": 99.483433833227949,
  "V0": 42.00272147042012,
  "Vd": 11.431120400177628,
  "Vusv_step_time": 30
}