{
  "Past_lv": 185.15559839628281,
  "Vast_lv": 244.146218091736,
  "LVM": 221.60872232891055,
  "Vm": 245.04305001597788,
  "c3": -0.00050852816692358645,
  "c2": 0.043348903176876528,
  "c1": 0.22726010706540031,
  "c0": -14.272810986642334,
  "alpha": 8.4390006487955841E-13,
  "beta": 5.4726705275184839,
  "Vusv_step": 132.2474030947987,
  "V0": 35.014178127967867,
  "Vd": 9.5291750601431531,
  "Vusv_step_time": 30
}