{
  "Past_lv": 178.88482087315069,
  "Vast_lv": 266.58460402695226,
  "LVM": 207.91047824783931,
  "Vm": 234.2714697230831,
  "c3": -0.00057901700110084113,
  "c2": 0.011744630038846703,
  "c1": 0.36378398494972652,
  "c0": -12.519848029723663,
  "alpha": 3.251862960548443E-12,
  "beta": 5.6074690185028153,
  "Vusv_step": 137.17669209012388,
  "V0": 32.849855563158613,
  "Vd": 8.94015056465709,
  "Vusv_step_time": 30
}