{
  "Past_lv": 170.20790286773848,
  "Vast_lv": 228.73719038470406,
  "LVM": 183.90066705703936,
  "Vm": 232.18097353970234,
  "c3": -0.00022539553722720975,
  "c2": 0.0068574010811954522,
  "c1": 0.56191720653682675,
  "c0": -11.739918558059388,
  "alpha": 3.199276678526902E-12,
  "beta": 5.5796999546115007,
  "Vusv_step": 14.872554127121663,
  "V0": 29.056305395012217,
  "Vd": 7.9077286834526923,
  "Vusv_step_time": 30
}