{
  "Past_lv": 249.63520346239835,
  "Vast_lv": 178.35291367169717,
  "LVM": 212.17323963894736,
  "Vm": 230.13302249369272,
  "c3": -0.0010975710878967733,
  "c2": 0.018939083242921491,
  "c1": 0.27143623701074548,
  "c0": -14.163701888729747,
  "alpha": 3.0168778374027432E-12,
  "beta": 5.7747969770334544,
  "Vusv_step": 293.50826680905107,
  "V0": 33.523371862953688,
  "Vd": 9.123449304474736,
  "Vusv_step_time": 30
}