{
  "Past_lv": 253.816440663319,
  "Vast_lv": 235.08863544322691,
  "LVM": 292.18966086857819,
  "Vm": 238.04976168182247,
  "c3": -0.000766945372394361,
  "c2": 0.043546672384460722,
  "c1": 0.13768270076515621,
  "c0": -12.103875527018852,
  "alpha": 1.1216649617050147E-12,
  "beta": 5.8249792689775148,
  "Vusv_step": 6.1688948578865759,
  "V0": 46.16596641723536,
  "Vd": 12.564155417348861,
  "Vusv_step_time": 30
}