{
  "Past_lv": 186.57659420627061,
  "Vast_lv": 190.61495009603337,
  "LVM": 221.80218996650308,
  "Vm": 249.90288490741773,
  "c3": -0.00071187913584206557,
  "c2": 0.025753000012283356,
  "c1": 0.16487234871262788,
  "c0": -12.859914325086365,
  "alpha": 8.1450890955929144E-13,
  "beta": 5.4596466437533877,
  "Vusv_step": 290.90237881601223,
  "V0": 35.044746014707492,
  "Vd": 9.5374941685596326,
  "Vusv_step_time": 30
}