{
  "Past_lv": 143.79135104163419,
  "Vast_lv": 176.7536668622179,
  "LVM": 229.34702119915383,
  "Vm": 246.60562376458392,
  "c3": -0.00092081931076753727,
  "c2": -0.00022968961890489775,
  "c1": 0.45943067884071476,
  "c0": -13.682987942118473,
  "alpha": 7.0175060801883654E-13,
  "beta": 5.7659816298617619,
  "Vusv_step": 36.4449339788971,
  "V0": 36.236829349466305,
  "Vd": 9.8619219115636145,
  "Vusv_step_time": 30
}