{
  "Past_lv": 134.93587336115013,
  "Vast_lv": 281.62616385195975,
  "LVM": 256.72912676072559,
  "Vm": 236.18658537926876,
  "c3": -0.0010609497738139685,
  "c2": 0.014798098547121788,
  "c1": 0.27023332767097252,
  "c0": -12.803821497527538,
  "alpha": 2.882119765738575E-12,
  "beta": 5.7676419787179238,
  "Vusv_step": 146.42524708378608,
  "V0": 40.563202028194645,
  "Vd": 11.0393524507112,
  "Vusv_step_time": 30
}