{
  "Past_lv": 234.94612825659277,
  "Vast_lv": 289.31656915016015,
  "LVM": 277.98373262736141,
  "Vm": 247.17565714567388,
  "c3": -0.00029307349093951737,
  "c2": 0.023709453699697642,
  "c1": 0.27515921226869694,
  "c0": -13.510588178826705,
  "alpha": 1.4803780171712592E-12,
  "beta": 5.4568832599770509,
  "Vusv_step": 214.46591515533524,
  "V0": 43.921429755123107,
  "Vd": 11.953300502976539,
  "Vusv_step_time": 30
}