{
  "Past_lv": 264.40159044926884,
  "Vast_lv": 242.02276237814795,
  "LVM": 198.51960909921297,
  "Vm": 231.02423316404486,
  "c3": -0.00063225556813088475,
  "c2": 0.018830953274058797,
  "c1": 0.48678838199153074,
  "c0": -15.914970486292201,
  "alpha": 2.2326700549762168E-13,
  "beta": 5.8445194295551754,
  "Vusv_step": 28.348350725449492,
  "V0": 31.366098237675651,
  "Vd": 8.5363431912661571,
  "Vusv_step_time": 30
}