{
  "Past_lv": 193.38893677116084,
  "Vast_lv": 180.83308603723151,
  "LVM": 193.20055340882948,
  "Vm": 242.0559461336166,
  "c3": -0.000872842006207221,
  "c2": 0.03564893530207669,
  "c1": 0.21988740311870614,
  "c0": -12.225770053226407,
  "alpha": 2.860707751062836E-12,
  "beta": 5.8503722287000564,
  "Vusv_step": 166.20855610401387,
  "V0": 30.52568743859506,
  "Vd": 8.3076237965796675,
  "Vusv_step_time": 30
}