{
  "Past_lv": 152.93450892739929,
  "Vast_lv": 192.43999052820493,
  "LVM": 234.70873133143971,
  "Vm": 244.90347058278292,
  "c3": -0.00082668985021815741,
  "c2": 0.042272359725305443,
  "c1": 0.34944642220471667,
  "c0": -15.155123285427266,
  "alpha": 2.6868409779756672E-12,
  "beta": 5.5928736684648,
  "Vusv_step": 12.564109780065294,
  "V0": 37.083979550367474,
  "Vd": 10.092475447251907,
  "Vusv_step_time": 30
}