{
  "Past_lv": 269.67158079210594,
  "Vast_lv": 187.8489987571505,
  "LVM": 277.19003976195916,
  "Vm": 241.46596861789524,
  "c3": -0.00024395727980455121,
  "c2": 0.021619340839997805,
  "c1": 0.31076483647429959,
  "c0": -13.223777127607658,
  "alpha": 3.0032732602267023E-12,
  "beta": 5.4184237639550927,
  "Vusv_step": 173.82965306077503,
  "V0": 43.796026282389548,
  "Vd": 11.919171709764244,
  "Vusv_step_time": 30
}