{
  "Past_lv": 201.81088619535916,
  "Vast_lv": 205.3055218844093,
  "LVM": 235.90091877338133,
  "Vm": 239.3642983033175,
  "c3": -0.00011870601169700653,
  "c2": 0.00065833461865483917,
  "c1": 0.52996355707005638,
  "c0": -15.211484946157048,
  "alpha": 5.78131590463838E-13,
  "beta": 5.8321868024676462,
  "Vusv_step": 223.65689682225,
  "V0": 37.272345166194256,
  "Vd": 10.143739507255397,
  "Vusv_step_time": 30
}