{
  "Past_lv": 131.57904257638378,
  "Vast_lv": 279.41448674650445,
  "LVM": 197.50184848973498,
  "Vm": 244.19609389954218,
  "c3": -0.0010170731010034123,
  "c2": -0.0010340257590723129,
  "c1": 0.57071720118920977,
  "c0": -13.921768234896753,
  "alpha": 3.7271865228689445E-12,
  "beta": 5.7310036924041636,
  "Vusv_step": 186.6162587022838,
  "V0": 31.205292061378127,
  "Vd": 8.492579485058604,
  "Vusv_step_time": 30
}