{
  "Past_lv": 126.49078533638921,
  "Vast_lv": 223.79660999250518,
  "LVM": 218.11714420955531,
  "Vm": 248.24979675472107,
  "c3": -0.00085447330618639863,
  "c2": 0.010509457358844267,
  "c1": 0.22499501958296536,
  "c0": -11.905553887029663,
  "alpha": 2.7595273053306731E-12,
  "beta": 5.674112936696563,
  "Vusv_step": 67.568667939705662,
  "V0": 34.46250878510974,
  "Vd": 9.3790372010108776,
  "Vusv_step_time": 30
}