{
  "Past_lv": 162.45434791990471,
  "Vast_lv": 272.46521127237662,
  "LVM": 241.0962668303535,
  "Vm": 231.2211133208765,
  "c3": -0.00100376468028043,
  "c2": 0.00782926534361901,
  "c1": 0.21452806659400783,
  "c0": -14.336185243616862,
  "alpha": 1.2315394252277835E-12,
  "beta": 5.4583610533894094,
  "Vusv_step": 23.525350400062191,
  "V0": 38.093210159195856,
  "Vd": 10.3671394737052,
  "Vusv_step_time": 30
}