{
  "Past_lv": 155.00546211635117,
  "Vast_lv": 248.09463921951334,
  "LVM": 262.911684519586,
  "Vm": 248.39818180012847,
  "c3": -7.537591203769854E-5,
  "c2": 0.03861892679245741,
  "c1": 0.14864328032949181,
  "c0": -12.627217914073807,
  "alpha": 8.9141570439053675E-13,
  "beta": 5.698294446500479,
  "Vusv_step": 232.17637866348582,
  "V0": 41.54004615409459,
  "Vd": 11.305202434342197,
  "Vusv_step_time": 30
}