{
  "Past_lv": 220.50221493092249,
  "Vast_lv": 181.12275630424676,
  "LVM": 206.22649683997875,
  "Vm": 243.20052684375676,
  "c3": -0.00058361022105794206,
  "c2": 0.036220495644488218,
  "c1": 0.5011335541844012,
  "c0": -14.084419410332076,
  "alpha": 1.7341863279080688E-12,
  "beta": 5.701549930453675,
  "Vusv_step": 163.81784946109866,
  "V0": 32.583786500716641,
  "Vd": 8.8677393641190854,
  "Vusv_step_time": 30
}