{
  "Past_lv": 268.89283292921624,
  "Vast_lv": 190.33504852250675,
  "LVM": 209.50125399904562,
  "Vm": 245.50116524944841,
  "c3": -0.00055125510526987415,
  "c2": 0.022717977301558872,
  "c1": 0.55836511022155066,
  "c0": -16.318461801201273,
  "alpha": 3.5924689199707977E-12,
  "beta": 5.6028255004526928,
  "Vusv_step": 251.69969068130945,
  "V0": 33.101198131849209,
  "Vd": 9.0085539219589617,
  "Vusv_step_time": 30
}