{
  "Past_lv": 169.35042968509293,
  "Vast_lv": 183.54106784373425,
  "LVM": 211.19558297925477,
  "Vm": 249.6719047019931,
  "c3": -0.00036275003278948381,
  "c2": 0.025189129499883278,
  "c1": 0.054405088151455568,
  "c0": -11.866789615671463,
  "alpha": 9.74545740685603E-13,
  "beta": 5.5296241524786023,
  "Vusv_step": 29.159431108892939,
  "V0": 33.368902110722253,
  "Vd": 9.0814100681079548,
  "Vusv_step_time": 30
}