{
  "Past_lv": 260.69923480190806,
  "Vast_lv": 218.36512245548965,
  "LVM": 244.01544019935653,
  "Vm": 239.60162929797019,
  "c3": -0.00086122448298300836,
  "c2": 0.035345830244619757,
  "c1": 0.10134972165850321,
  "c0": -14.535714695669956,
  "alpha": 1.3281533384311288E-12,
  "beta": 5.4825784718548487,
  "Vusv_step": 40.551638532948239,
  "V0": 38.554439551498334,
  "Vd": 10.49266392857233,
  "Vusv_step_time": 30
}