{
  "Past_lv": 125.03621533724635,
  "Vast_lv": 204.76089175188795,
  "LVM": 267.10555896722,
  "Vm": 237.66706979569619,
  "c3": -0.00062209866353959411,
  "c2": 0.03702628907020495,
  "c1": 0.59950513774998371,
  "c0": -13.476188190479135,
  "alpha": 2.1590325773761827E-12,
  "beta": 5.581560480693776,
  "Vusv_step": 224.90368626651579,
  "V0": 42.202678316820766,
  "Vd": 11.485539035590461,
  "Vusv_step_time": 30
}