{
  "Past_lv": 175.8283075687082,
  "Vast_lv": 206.0195712713558,
  "LVM": 185.42801418692969,
  "Vm": 247.22619111382363,
  "c3": -0.00057165383579011852,
  "c2": 0.043358685752409067,
  "c1": 0.41624939250052023,
  "c0": -15.92746624057326,
  "alpha": 3.5113573767940782E-12,
  "beta": 5.493930756332233,
  "Vusv_step": 170.02895689317592,
  "V0": 29.297626241534889,
  "Vd": 7.9734046100379761,
  "Vusv_step_time": 30
}