{
  "Past_lv": 218.6229035336728,
  "Vast_lv": 289.93806081236886,
  "LVM": 255.05987392007478,
  "Vm": 238.37200919716074,
  "c3": -6.0728754876405E-5,
  "c2": 0.037273945484788407,
  "c1": 0.42229819483572872,
  "c0": -13.492350930885054,
  "alpha": 3.9934683869748581E-12,
  "beta": 5.5310321451507676,
  "Vusv_step": 85.995693284080787,
  "V0": 40.299460079371812,
  "Vd": 10.967574578563214,
  "Vusv_step_time": 30
}