{
  "Past_lv": 242.08799228951909,
  "Vast_lv": 214.68249091032371,
  "LVM": 221.38029933049086,
  "Vm": 233.97768161814798,
  "c3": -0.00084277064346590953,
  "c2": 0.024518860750480802,
  "c1": 0.027950866491528586,
  "c0": -16.558442335740693,
  "alpha": 2.1468427321245362E-12,
  "beta": 5.7574782854869557,
  "Vusv_step": 45.799788277194395,
  "V0": 34.978087294217559,
  "Vd": 9.5193528712111064,
  "Vusv_step_time": 30
}