{
  "Past_lv": 255.15284809211039,
  "Vast_lv": 295.7824950977577,
  "LVM": 271.24871946321008,
  "Vm": 235.30078049755568,
  "c3": -0.0006333482121533918,
  "c2": 0.034621039466623954,
  "c1": 0.45763893940534489,
  "c0": -14.641271522114126,
  "alpha": 2.6846889618733418E-12,
  "beta": 5.82947410427323,
  "Vusv_step": 25.92063598479989,
  "V0": 42.857297675187191,
  "Vd": 11.663694936918032,
  "Vusv_step_time": 30
}