{
  "Past_lv": 154.07444691807035,
  "Vast_lv": 194.71043900001877,
  "LVM": 190.12783594262166,
  "Vm": 230.49847022911638,
  "c3": -0.00087604756838772753,
  "c2": -0.0025596263819255491,
  "c1": 0.47069688686722733,
  "c0": -15.631110665402861,
  "alpha": 4.0582947407404364E-12,
  "beta": 5.656177170144133,
  "Vusv_step": 116.16892215196039,
  "V0": 30.040198078934221,
  "Vd": 8.17549694553273,
  "Vusv_step_time": 30
}