{
  "Past_lv": 192.20198572539897,
  "Vast_lv": 236.11586248456848,
  "LVM": 273.42892667844893,
  "Vm": 241.53044013108982,
  "c3": -0.000649447115024053,
  "c2": 0.0021450055256442072,
  "c1": 0.23819076366283448,
  "c0": -13.100175284957842,
  "alpha": 6.4590511785426016E-13,
  "beta": 5.6780572497581616,
  "Vusv_step": 24.463851983299595,
  "V0": 43.201770415194936,
  "Vd": 11.757443847173304,
  "Vusv_step_time": 30
}