{
  "Past_lv": 196.10649063596705,
  "Vast_lv": 221.57802364361515,
  "LVM": 298.76339060985435,
  "Vm": 234.10008672370608,
  "c3": -0.00086500043052607735,
  "c2": 0.012240295813385475,
  "c1": 0.10656298569464613,
  "c0": -15.845338662375426,
  "alpha": 9.1692071000341028E-13,
  "beta": 5.6657446225258354,
  "Vusv_step": 262.6921122574152,
  "V0": 47.20461571635699,
  "Vd": 12.846825796223737,
  "Vusv_step_time": 30
}