{
  "Past_lv": 233.19012104775612,
  "Vast_lv": 242.3742839162033,
  "LVM": 251.34115676953343,
  "Vm": 239.50807467238587,
  "c3": -0.00030097255984086642,
  "c2": 0.032165235084505306,
  "c1": 0.26459875032018643,
  "c0": -11.825758331457827,
  "alpha": 2.0577677505856858E-12,
  "beta": 5.6593909949239523,
  "Vusv_step": 172.59385573847217,
  "V0": 39.711902769586281,
  "Vd": 10.807669741089937,
  "Vusv_step_time": 30
}