{
  "Past_lv": 157.36258551649621,
  "Vast_lv": 261.46013904777368,
  "LVM": 227.64742448170821,
  "Vm": 237.80375240863091,
  "c3": -0.00014741828837047091,
  "c2": 0.015551034048462531,
  "c1": 0.25761945797605984,
  "c0": -12.007570745660921,
  "alpha": 2.5488618533856987E-12,
  "beta": 5.4913382317452486,
  "Vusv_step": 49.098014038671351,
  "V0": 35.9682930681099,
  "Vd": 9.7888392527134531,
  "Vusv_step_time": 30
}