{
  "Past_lv": 132.26804743308242,
  "Vast_lv": 198.77767946964082,
  "LVM": 187.04427168683148,
  "Vm": 238.75856999351188,
  "c3": -0.00053964159505844424,
  "c2": 0.026911299023992176,
  "c1": 0.31752899507365129,
  "c0": -15.945282081960789,
  "alpha": 2.2879886415212887E-12,
  "beta": 5.5556315069555469,
  "Vusv_step": 192.00162087182417,
  "V0": 29.552994926519379,
  "Vd": 8.042903682533753,
  "Vusv_step_time": 30
}