{
  "Past_lv": 123.87663690930179,
  "Vast_lv": 226.39099420893766,
  "LVM": 226.10921153804657,
  "Vm": 241.56364493680493,
  "c3": -0.00070472170562428378,
  "c2": 0.031071114614149242,
  "c1": 0.19065044627693459,
  "c0": -12.458070176189402,
  "alpha": 2.1882387307670237E-13,
  "beta": 5.6046145725698695,
  "Vusv_step": 93.347447053227583,
  "V0": 35.725255423011362,
  "Vd": 9.7226960961360014,
  "Vusv_step_time": 30
}