{
  "Past_lv": 217.53749121889962,
  "Vast_lv": 270.12920509013492,
  "LVM": 247.41591449012327,
  "Vm": 240.27475455170736,
  "c3": -0.000287152105839137,
  "c2": 0.019201647839602567,
  "c1": 0.058842609089814465,
  "c0": -15.888012167834445,
  "alpha": 2.5271334376609459E-12,
  "beta": 5.55754769894837,
  "Vusv_step": 139.99585938093989,
  "V0": 39.091714489439475,
  "Vd": 10.638884323075299,
  "Vusv_step_time": 30
}