{
  "Past_lv": 128.5551480202013,
  "Vast_lv": 256.158614661353,
  "LVM": 254.97833683429684,
  "Vm": 236.25567087438571,
  "c3": -0.00059966976804345386,
  "c2": 0.044719740102928444,
  "c1": 0.067224637471319862,
  "c0": -12.566622213770323,
  "alpha": 2.2594400235112626E-12,
  "beta": 5.6168649794578034,
  "Vusv_step": 190.97524303073885,
  "V0": 40.2865772198189,
  "Vd": 10.964068483874764,
  "Vusv_step_time": 30
}