{
  "Past_lv": 209.19994615902286,
  "Vast_lv": 252.6500110500084,
  "LVM": 234.18206682995236,
  "Vm": 238.60991163615108,
  "c3": -0.00099759676239291476,
  "c2": 0.0058154224505315016,
  "c1": 0.59844607788439652,
  "c0": -16.339670081013917,
  "alpha": 1.7075378226277096E-12,
  "beta": 5.79662711234233,
  "Vusv_step": 265.57930167744342,
  "V0": 37.000766559132472,
  "Vd": 10.069828873687952,
  "Vusv_step_time": 30
}