{
  "Past_lv": 161.60278688244725,
  "Vast_lv": 217.26877559522728,
  "LVM": 186.83723103317311,
  "Vm": 230.71837418527471,
  "c3": -9.9056591575156627E-5,
  "c2": 0.012021016521649469,
  "c1": 0.48598261900828016,
  "c0": -15.240641770389232,
  "alpha": 3.3766386016221873E-12,
  "beta": 5.7708938441522051,
  "Vusv_step": 199.52520624519903,
  "V0": 29.520282503241351,
  "Vd": 8.0340009344264427,
  "Vusv_step_time": 30
}