{
  "Past_lv": 151.92632779620115,
  "Vast_lv": 241.88079629003028,
  "LVM": 227.3211817521576,
  "Vm": 249.24881544840872,
  "c3": -9.0294453273611448E-5,
  "c2": 0.02002651964742258,
  "c1": 0.24359672332537191,
  "c0": -15.518378711566884,
  "alpha": 1.1399767906896835E-12,
  "beta": 5.7042383314656018,
  "Vusv_step": 178.86759759312216,
  "V0": 35.916746716840905,
  "Vd": 9.7748108153427768,
  "Vusv_step_time": 30
}