{
  "Past_lv": 143.02112159433088,
  "Vast_lv": 177.3445645387867,
  "LVM": 257.17088654970973,
  "Vm": 239.64407767540106,
  "c3": -0.00056453573330560137,
  "c2": 0.035015281952222838,
  "c1": 0.54163602508516273,
  "c0": -14.784515508924651,
  "alpha": 1.4031523246225696E-12,
  "beta": 5.8077834289521739,
  "Vusv_step": 266.40392563058725,
  "V0": 40.633000074854138,
  "Vd": 11.058348121637518,
  "Vusv_step_time": 30
}