{
  "Past_lv": 197.23923608474908,
  "Vast_lv": 201.04055280859626,
  "LVM": 298.01059421196896,
  "Vm": 249.17704279871458,
  "c3": -0.00044064220483493893,
  "c2": 0.034136092982153823,
  "c1": 0.33204451980972738,
  "c0": -14.536576598180961,
  "alpha": 3.1714614695849065E-12,
  "beta": 5.7142787253513223,
  "Vusv_step": 41.637325889170192,
  "V0": 47.0856738854911,
  "Vd": 12.814455551114666,
  "Vusv_step_time": 30
}