{
  "Past_lv": 180.44231412725992,
  "Vast_lv": 211.85634873281472,
  "LVM": 242.07050722163865,
  "Vm": 248.73126976551185,
  "c3": -0.00078538070773588532,
  "c2": 0.0080404928658877953,
  "c1": 0.12230921257808221,
  "c0": -13.395923593998003,
  "alpha": 4.031328973044151E-12,
  "beta": 5.5529085594350329,
  "Vusv_step": 80.502626043102609,
  "V0": 38.24714014101891,
  "Vd": 10.409031810530461,
  "Vusv_step_time": 30
}