{
  "Past_lv": 205.87883993895315,
  "Vast_lv": 282.80327549428853,
  "LVM": 278.62091804363325,
  "Vm": 241.66801043233491,
  "c3": -0.00030932372191929303,
  "c2": 0.00252332360018398,
  "c1": 0.28980961685151463,
  "c0": -15.194465261570336,
  "alpha": 1.938019538990329E-12,
  "beta": 5.6298674069877119,
  "Vusv_step": 20.739580243601679,
  "V0": 44.022105050894055,
  "Vd": 11.980699475876229,
  "Vusv_step_time": 30
}