{
  "Past_lv": 194.24894389100115,
  "Vast_lv": 184.32310292571458,
  "LVM": 236.18982007610975,
  "Vm": 235.40340776044798,
  "c3": -0.00049169706995544327,
  "c2": 0.023230640880287909,
  "c1": 0.35118508032473339,
  "c0": -13.898200214259017,
  "alpha": 1.5020779142113648E-12,
  "beta": 5.4427182829240506,
  "Vusv_step": 72.348906644526792,
  "V0": 37.317991572025342,
  "Vd": 10.156162263272719,
  "Vusv_step_time": 30
}