{
  "Past_lv": 199.47541310501214,
  "Vast_lv": 235.33345803449225,
  "LVM": 286.11189965469708,
  "Vm": 247.27212078494063,
  "c3": -0.00053038433212424115,
  "c2": -0.0013708112338726083,
  "c1": 0.36019639145022719,
  "c0": -13.030813024154989,
  "alpha": 3.6820707798143442E-12,
  "beta": 5.5345118539902751,
  "Vusv_step": 76.480206838588117,
  "V0": 45.205680145442138,
  "Vd": 12.302811685151973,
  "Vusv_step_time": 30
}