{
  "Past_lv": 120.48832276620091,
  "Vast_lv": 267.43812373880871,
  "LVM": 186.08453613476698,
  "Vm": 241.24586824972167,
  "c3": -0.00035373512825052813,
  "c2": 0.0034726800315203823,
  "c1": 0.18482877713899357,
  "c0": -11.637370152491895,
  "alpha": 3.6152922799863374E-12,
  "beta": 5.7207777813534886,
  "Vusv_step": 113.53055882425151,
  "V0": 29.401356709293182,
  "Vd": 8.00163505379498,
  "Vusv_step_time": 30
}