{
  "Past_lv": 169.91988176393883,
  "Vast_lv": 211.30581109260018,
  "LVM": 179.90044362733491,
  "Vm": 235.35133031206607,
  "c3": -0.00011553739777382861,
  "c2": 0.000777563630127924,
  "c1": 0.084407110790646389,
  "c0": -15.6431589727455,
  "alpha": 3.9822911497748233E-12,
  "beta": 5.5947893966171174,
  "Vusv_step": 43.216154890467571,
  "V0": 28.424270093118917,
  "Vd": 7.7357190759754006,
  "Vusv_step_time": 30
}