{
  "Past_lv": 247.63748807986678,
  "Vast_lv": 199.78007705706014,
  "LVM": 217.34899340727458,
  "Vm": 237.84791444256581,
  "c3": -0.00064685478852715447,
  "c2": 0.015173659620447175,
  "c1": 0.48890711332901454,
  "c0": -15.072454132950471,
  "alpha": 3.3216146115404405E-12,
  "beta": 5.4499358048093871,
  "Vusv_step": 71.213551320068945,
  "V0": 34.341140958349385,
  "Vd": 9.3460067165128073,
  "Vusv_step_time": 30
}