{
  "Past_lv": 268.25408491848009,
  "Vast_lv": 200.799259109373,
  "LVM": 216.37199544189372,
  "Vm": 245.83064115810032,
  "c3": -0.0010287116029822118,
  "c2": 0.028650025435135108,
  "c1": 0.31855245863827819,
  "c0": -16.684095881193031,
  "alpha": 2.4731447927895365E-12,
  "beta": 5.4970446631046332,
  "Vusv_step": 88.913262665913734,
  "V0": 34.186775279819209,
  "Vd": 9.30399580400143,
  "Vusv_step_time": 30
}