{
  "Past_lv": 134.03155539034879,
  "Vast_lv": 243.61602348381507,
  "LVM": 268.20358175317955,
  "Vm": 231.90993603029867,
  "c3": -0.00017219983166185554,
  "c2": 0.003378644146042234,
  "c1": 0.44919154866666344,
  "c0": -14.502213864521918,
  "alpha": 3.8147219023265283E-12,
  "beta": 5.5364832624319131,
  "Vusv_step": 21.17326349183692,
  "V0": 42.376165917002375,
  "Vd": 11.53275401538672,
  "Vusv_step_time": 30
}