{
  "Past_lv": 256.31705566953997,
  "Vast_lv": 290.28227743764626,
  "LVM": 175.424195750333,
  "Vm": 245.89595673727348,
  "c3": -0.00047366240557552425,
  "c2": 0.044145901373299504,
  "c1": 0.41054209962134053,
  "c0": -13.402664044350857,
  "alpha": 1.2263101668039523E-12,
  "beta": 5.8111713848074968,
  "Vusv_step": 129.66104011888683,
  "V0": 27.71702292855262,
  "Vd": 7.543240417264319,
  "Vusv_step_time": 30
}