{
  "Past_lv": 234.4897088058249,
  "Vast_lv": 254.75644394178903,
  "LVM": 240.86900791954332,
  "Vm": 247.68439312222068,
  "c3": -0.0010435344144378779,
  "c2": 0.044459928117394729,
  "c1": 0.18197381966043147,
  "c0": -14.245170306169246,
  "alpha": 3.279548848335643E-12,
  "beta": 5.7322186815229257,
  "Vusv_step": 179.56499192667061,
  "V0": 38.057303251287841,
  "Vd": 10.357367340540364,
  "Vusv_step_time": 30
}