{
  "Past_lv": 172.89024040622496,
  "Vast_lv": 266.8702044264453,
  "LVM": 247.7558997652215,
  "Vm": 249.35700138282093,
  "c3": -0.00063656674802199838,
  "c2": 0.041339082014530223,
  "c1": 0.40458751077188881,
  "c0": -16.122516902972972,
  "alpha": 8.257674861218256E-13,
  "beta": 5.4857190870174835,
  "Vusv_step": 15.889712981387635,
  "V0": 39.145432162904996,
  "Vd": 10.653503689904523,
  "Vusv_step_time": 30
}