{
  "Past_lv": 253.18526736825837,
  "Vast_lv": 297.19667976773849,
  "LVM": 235.35453829415232,
  "Vm": 235.21090610706403,
  "c3": -0.00063787589843787638,
  "c2": 0.025273572870009007,
  "c1": 0.23684780189872856,
  "c0": -13.533540945460782,
  "alpha": 3.7422578378402247E-12,
  "beta": 5.5856857332683649,
  "Vusv_step": 87.412683172676083,
  "V0": 37.186017050476067,
  "Vd": 10.12024514664855,
  "Vusv_step_time": 30
}