{
  "Past_lv": 137.30713281800578,
  "Vast_lv": 202.20629172921645,
  "LVM": 228.12939775315127,
  "Vm": 247.02704203255828,
  "c3": -0.00051924400740641031,
  "c2": 0.032666924513531911,
  "c1": 0.041272193676975016,
  "c0": -12.823728584045107,
  "alpha": 1.0063409204083286E-12,
  "beta": 5.8387227463255442,
  "Vusv_step": 86.91256003764606,
  "V0": 36.044444844997905,
  "Vd": 9.8095641033855046,
  "Vusv_step_time": 30
}