{
  "Past_lv": 135.92806720696524,
  "Vast_lv": 253.64266236577896,
  "LVM": 283.54769569641229,
  "Vm": 233.25869255516986,
  "c3": -0.00059497127164881327,
  "c2": 0.022088920728646304,
  "c1": 0.21214647505959566,
  "c0": -12.529267125718452,
  "alpha": 9.5990797455549E-13,
  "beta": 5.6816689410986916,
  "Vusv_step": 177.64531391283052,
  "V0": 44.800535920033141,
  "Vd": 12.192550914945727,
  "Vusv_step_time": 30
}