{
  "Past_lv": 127.17592234407203,
  "Vast_lv": 263.02531090032937,
  "LVM": 266.55559141841951,
  "Vm": 248.351750684078,
  "c3": -0.00097352420776600928,
  "c2": 0.0035747870419695904,
  "c1": 0.38261744188519942,
  "c0": -12.336606697291671,
  "alpha": 1.8493428458718084E-12,
  "beta": 5.5698127459125875,
  "Vusv_step": 296.99501366064578,
  "V0": 42.115783444110285,
  "Vd": 11.461890430992039,
  "Vusv_step_time": 30
}