{
  "Past_lv": 217.19344324536075,
  "Vast_lv": 228.12311835954154,
  "LVM": 236.769758504944,
  "Vm": 235.4519542370528,
  "c3": -0.0010926833130760003,
  "c2": 0.0026749640641118289,
  "c1": 0.29189332264652323,
  "c0": -13.119443160188846,
  "alpha": 3.1880107345024294E-12,
  "beta": 5.4251801994376692,
  "Vusv_step": 7.1999379858157093,
  "V0": 37.409621843781153,
  "Vd": 10.181099615712592,
  "Vusv_step_time": 30
}