{
  "Past_lv": 200.22979614423207,
  "Vast_lv": 241.72547850074994,
  "LVM": 278.06474030988755,
  "Vm": 233.95523416650761,
  "c3": -0.00016394303837132548,
  "c2": 0.013416061961261237,
  "c1": 0.188961794497323,
  "c0": -13.138717534522687,
  "alpha": 3.9183113859099853E-12,
  "beta": 5.636480710159522,
  "Vusv_step": 233.45770910415052,
  "V0": 43.934228968962231,
  "Vd": 11.956783833325165,
  "Vusv_step_time": 30
}