{
  "Past_lv": 215.19648068349483,
  "Vast_lv": 288.53599424743408,
  "LVM": 296.48591099089151,
  "Vm": 239.33892002753535,
  "c3": -0.0010508694417892374,
  "c2": 0.042727595901012529,
  "c1": 0.49059555716896724,
  "c0": -15.54823546028287,
  "alpha": 8.5699986382236656E-13,
  "beta": 5.5377428305357421,
  "Vusv_step": 101.96785873405852,
  "V0": 46.844773936560863,
  "Vd": 12.748894172608335,
  "Vusv_step_time": 30
}