{
  "Past_lv": 148.20570621836208,
  "Vast_lv": 257.83286574066136,
  "LVM": 232.23624245662634,
  "Vm": 241.87645206014165,
  "c3": -0.00075688610699825706,
  "c2": 0.035754052491617762,
  "c1": 0.11244115659303262,
  "c0": -15.836094090259779,
  "alpha": 1.3761184837145327E-12,
  "beta": 5.63779881811129,
  "Vusv_step": 70.298546535412854,
  "V0": 36.693326308146965,
  "Vd": 9.9861584256349332,
  "Vusv_step_time": 30
}