{
  "Past_lv": 169.74239263330816,
  "Vast_lv": 299.65023224437039,
  "LVM": 223.31355976068178,
  "Vm": 234.8372769929955,
  "c3": -0.00074735270113680417,
  "c2": 0.031831175821360615,
  "c1": 0.3411351184903062,
  "c0": -14.94923270343366,
  "alpha": 4.0858370805701856E-12,
  "beta": 5.7345000630896195,
  "Vusv_step": 234.38115196031563,
  "V0": 35.283542442187724,
  "Vd": 9.6024830697093151,
  "Vusv_step_time": 30
}