{
  "Past_lv": 237.25453409225338,
  "Vast_lv": 275.86850609659444,
  "LVM": 273.66042661627279,
  "Vm": 244.64343832992577,
  "c3": -0.00097699217023126885,
  "c2": 0.030732827672401833,
  "c1": 0.32329522990949155,
  "c0": -13.449518999605932,
  "alpha": 7.4613443620934854E-13,
  "beta": 5.61578244043911,
  "Vusv_step": 240.91738268840297,
  "V0": 43.238347405371108,
  "Vd": 11.76739834449973,
  "Vusv_step_time": 30
}