{
  "Past_lv": 213.49550940332173,
  "Vast_lv": 213.95022465805926,
  "LVM": 262.20006329510949,
  "Vm": 238.95054305367108,
  "c3": -0.0010996539497645063,
  "c2": 0.010308573847301411,
  "c1": 0.60378581151423749,
  "c0": -12.775662134369199,
  "alpha": 6.63777101907511E-13,
  "beta": 5.464262304947562,
  "Vusv_step": 163.66769457539107,
  "V0": 41.427610000627304,
  "Vd": 11.274602721689707,
  "Vusv_step_time": 30
}