{
  "Past_lv": 127.65284668458078,
  "Vast_lv": 176.49290021455712,
  "LVM": 178.28021269266472,
  "Vm": 241.31644138998806,
  "c3": -0.0004008376567786971,
  "c2": 0.002395490410502174,
  "c1": 0.46857363911950511,
  "c0": -14.174654354243419,
  "alpha": 1.1290412338414772E-12,
  "beta": 5.716142825385047,
  "Vusv_step": 231.46846744258,
  "V0": 28.168273605441026,
  "Vd": 7.6660491457845827,
  "Vusv_step_time": 30
}