{
  "Past_lv": 179.60775415940529,
  "Vast_lv": 245.62524665145736,
  "LVM": 208.8753796272922,
  "Vm": 233.10690813065489,
  "c3": -0.00074677432153489958,
  "c2": 0.035838336884647687,
  "c1": 0.52172777077490751,
  "c0": -16.42640497196416,
  "alpha": 1.5454098443512429E-12,
  "beta": 5.4760421462617241,
  "Vusv_step": 110.34440196285586,
  "V0": 33.00230998111217,
  "Vd": 8.9816413239735642,
  "Vusv_step_time": 30
}