{
  "Past_lv": 250.215120679821,
  "Vast_lv": 273.13631595600651,
  "LVM": 190.85403229202103,
  "Vm": 243.85460169142726,
  "c3": -0.0002722473443573112,
  "c2": -0.0027689837413002114,
  "c1": 0.51825595436882321,
  "c0": -16.277851270267334,
  "alpha": 3.4168917408505861E-12,
  "beta": 5.6957238666171639,
  "Vusv_step": 95.223744705759884,
  "V0": 30.154937102139325,
  "Vd": 8.2067233885569042,
  "Vusv_step_time": 30
}