{
  "Past_lv": 228.39845574626491,
  "Vast_lv": 283.38884054932248,
  "LVM": 283.279161753546,
  "Vm": 238.45434645272724,
  "c3": -0.00070963624675211747,
  "c2": 0.011226750433936804,
  "c1": 0.57767946320841124,
  "c0": -13.435261524301835,
  "alpha": 1.247912120058655E-12,
  "beta": 5.5730954152954393,
  "Vusv_step": 288.36468427061885,
  "V0": 44.758107557060278,
  "Vd": 12.181003955402478,
  "Vusv_step_time": 30
}