{
  "Past_lv": 176.69877873875706,
  "Vast_lv": 229.75181056637439,
  "LVM": 223.65119458560929,
  "Vm": 246.19044870384681,
  "c3": -0.00046458311052190832,
  "c2": 0.00517657286148402,
  "c1": 0.57195110679499628,
  "c0": -14.688357717782008,
  "alpha": 2.1653714699354039E-12,
  "beta": 5.609299953431103,
  "Vusv_step": 222.74112837569396,
  "V0": 35.33688874452627,
  "Vd": 9.6170013671812,
  "Vusv_step_time": 30
}