{
  "Past_lv": 251.48967016301302,
  "Vast_lv": 239.04777214823861,
  "LVM": 291.60868170618551,
  "Vm": 233.46402789295109,
  "c3": -0.00017996373066124385,
  "c2": 0.030986363016842176,
  "c1": 0.095067153980030752,
  "c0": -12.291381111642071,
  "alpha": 3.8121184792704145E-12,
  "beta": 5.5545523580584462,
  "Vusv_step": 213.99131681445556,
  "V0": 46.074171709577314,
  "Vd": 12.539173313365977,
  "Vusv_step_time": 30
}