{
  "Past_lv": 252.13278584063011,
  "Vast_lv": 265.988121372615,
  "LVM": 288.45357522872087,
  "Vm": 238.1941924295372,
  "c3": -0.00090531414358750923,
  "c2": 0.040325891254829591,
  "c1": 0.50329058832421214,
  "c0": -15.449577171696395,
  "alpha": 3.5471610922524917E-12,
  "beta": 5.4875588146516971,
  "Vusv_step": 4.56946924786285,
  "V0": 45.5756648861379,
  "Vd": 12.403503734834997,
  "Vusv_step_time": 30
}