{
  "Past_lv": 232.27645574245361,
  "Vast_lv": 184.5320278791641,
  "LVM": 276.01241124368488,
  "Vm": 242.3977079469656,
  "c3": -0.0002689476735867136,
  "c2": 0.034427534128799141,
  "c1": 0.28003561415924305,
  "c0": -13.566998445120621,
  "alpha": 1.8427093296399302E-12,
  "beta": 5.7332091921698476,
  "Vusv_step": 103.79718781198667,
  "V0": 43.609960976502215,
  "Vd": 11.86853368347845,
  "Vusv_step_time": 30
}