{
  "Past_lv": 214.07575367217862,
  "Vast_lv": 276.53247234605726,
  "LVM": 188.62829306827538,
  "Vm": 237.31377220386048,
  "c3": -0.000365108401666532,
  "c2": 0.033075129363209846,
  "c1": 0.12985975961434121,
  "c0": -16.343384568978049,
  "alpha": 3.4013863821653432E-12,
  "beta": 5.7920757249507826,
  "Vusv_step": 250.89345229741835,
  "V0": 29.80327030478751,
  "Vd": 8.111016601935841,
  "Vusv_step_time": 30
}