{
  "Past_lv": 267.50546744792103,
  "Vast_lv": 185.97447857148737,
  "LVM": 192.57796338096819,
  "Vm": 238.9031898684425,
  "c3": -0.00061509105225764148,
  "c2": 0.033440828938253772,
  "c1": 0.037278266875277341,
  "c0": -13.015138617772216,
  "alpha": 2.1453325668665212E-12,
  "beta": 5.8550811517203778,
  "Vusv_step": 294.40762240965995,
  "V0": 30.427318214192972,
  "Vd": 8.2808524253816316,
  "Vusv_step_time": 30
}