{
  "Past_lv": 144.20512435270646,
  "Vast_lv": 298.03007231452682,
  "LVM": 248.34365495188169,
  "Vm": 241.49506195559431,
  "c3": -0.00065949281700912509,
  "c2": 0.0086184552327377983,
  "c1": 0.12093125082867254,
  "c0": -13.805568921959338,
  "alpha": 2.3408517362657886E-12,
  "beta": 5.7640222736510678,
  "Vusv_step": 33.1056626036934,
  "V0": 39.238297482397314,
  "Vd": 10.678777162930912,
  "Vusv_step_time": 30
}