{
  "Past_lv": 217.41202666336494,
  "Vast_lv": 194.10621401378259,
  "LVM": 200.96396134527208,
  "Vm": 236.99820897911971,
  "c3": -0.00073664806761062165,
  "c2": -0.0023316466868114061,
  "c1": 0.54060182524856648,
  "c0": -12.578578585044236,
  "alpha": 1.4124599034551578E-12,
  "beta": 5.6227380138730414,
  "Vusv_step": 19.444714696964784,
  "V0": 31.75230589255299,
  "Vd": 8.6414503378466989,
  "Vusv_step_time": 30
}