{
  "Past_lv": 248.29092118301216,
  "Vast_lv": 284.40462651040843,
  "LVM": 198.38259717773647,
  "Vm": 234.34480219446229,
  "c3": -0.00096118935886488409,
  "c2": 0.019794082000929955,
  "c1": 0.38732793548083649,
  "c0": -12.999951755622472,
  "alpha": 1.5871273465706364E-12,
  "beta": 5.7390489522851853,
  "Vusv_step": 64.439585259057537,
  "V0": 31.344450354082365,
  "Vd": 8.5304516786426685,
  "Vusv_step_time": 30
}