{
  "Past_lv": 240.74140597601217,
  "Vast_lv": 236.85757607504763,
  "LVM": 237.42628206997915,
  "Vm": 249.12725091364743,
  "c3": -0.00037367035817200236,
  "c2": 0.033903970906018689,
  "c1": 0.10305409651758904,
  "c0": -15.463566820679365,
  "alpha": 3.5524061590283666E-12,
  "beta": 5.7860615711638594,
  "Vusv_step": 46.472678349290845,
  "V0": 37.513352567056707,
  "Vd": 10.209330129009103,
  "Vusv_step_time": 30
}