{
  "Past_lv": 159.00700315191642,
  "Vast_lv": 279.60302656785723,
  "LVM": 278.99038309348407,
  "Vm": 235.78912445112107,
  "c3": -0.00048570512615500648,
  "c2": 0.01145924410196527,
  "c1": 0.085467326854302916,
  "c0": -13.371867438805939,
  "alpha": 3.2427348854465914E-12,
  "beta": 5.640247233446571,
  "Vusv_step": 225.14376723916598,
  "V0": 44.080480528770487,
  "Vd": 11.996586473019816,
  "Vusv_step_time": 30
}