{
  "Past_lv": 153.18898432066629,
  "Vast_lv": 272.56043203407432,
  "LVM": 294.93281508457335,
  "Vm": 240.1023484072916,
  "c3": -0.00028812784950251803,
  "c2": 0.014746601188712037,
  "c1": 0.439998011841412,
  "c0": -13.33414717261396,
  "alpha": 2.745364453364199E-12,
  "beta": 5.6641525596128552,
  "Vusv_step": 241.97871628361557,
  "V0": 46.599384783362595,
  "Vd": 12.682111048636653,
  "Vusv_step_time": 30
}