{
  "Past_lv": 162.80248665120263,
  "Vast_lv": 207.81601677539857,
  "LVM": 283.92343068549781,
  "Vm": 237.58731270644688,
  "c3": -0.00028441172791100983,
  "c2": 0.029996229820610808,
  "c1": 0.4070668713699821,
  "c0": -14.408935954747353,
  "alpha": 2.9629476335761753E-12,
  "beta": 5.7168938551849777,
  "Vusv_step": 255.16074369357423,
  "V0": 44.859902048308662,
  "Vd": 12.208707519476404,
  "Vusv_step_time": 30
}