{
  "Past_lv": 242.624760591697,
  "Vast_lv": 184.24038919918283,
  "LVM": 238.37302639965469,
  "Vm": 230.56160905865724,
  "c3": -0.000606586033997808,
  "c2": -0.0031846180849337963,
  "c1": 0.2483011361807074,
  "c0": -12.629032124406612,
  "alpha": 2.8357805909044644E-12,
  "beta": 5.8255181420741273,
  "Vusv_step": 257.6500502209185,
  "V0": 37.662938171145441,
  "Vd": 10.250040135185152,
  "Vusv_step_time": 30
}