{
  "Past_lv": 125.45895539381841,
  "Vast_lv": 268.81407767504209,
  "LVM": 208.69994867616481,
  "Vm": 237.92783242375549,
  "c3": -0.0001411952859560788,
  "c2": 0.035524039071292153,
  "c1": 0.012553432639817346,
  "c0": -14.328888497851841,
  "alpha": 3.1486941811608573E-12,
  "beta": 5.6766447560479927,
  "Vusv_step": 156.29988738875005,
  "V0": 32.974591890834041,
  "Vd": 8.9740977930750869,
  "Vusv_step_time": 30
}