{
  "Past_lv": 182.49944106162218,
  "Vast_lv": 238.1791797839623,
  "LVM": 268.83974066670129,
  "Vm": 238.25889622106777,
  "c3": -0.00053430326339313952,
  "c2": 0.020538096140445428,
  "c1": 0.41573083276347239,
  "c0": -14.361963591391003,
  "alpha": 2.0439076613810696E-12,
  "beta": 5.7127024003213229,
  "Vusv_step": 65.360484284698586,
  "V0": 42.476679025338811,
  "Vd": 11.560108848668156,
  "Vusv_step_time": 30
}