{
  "Past_lv": 183.06631544607552,
  "Vast_lv": 299.40789926622392,
  "LVM": 287.05203484938363,
  "Vm": 238.43670687287226,
  "c3": -0.00016821466786888126,
  "c2": 0.02895220827694904,
  "c1": 0.09866652719738489,
  "c0": -15.563522533295918,
  "alpha": 3.7743860878844768E-12,
  "beta": 5.8605511981626535,
  "Vusv_step": 273.18265098855466,
  "V0": 45.354221506202613,
  "Vd": 12.343237498523495,
  "Vusv_step_time": 30
}