{
  "Past_lv": 146.66641919665872,
  "Vast_lv": 255.41160807463234,
  "LVM": 246.83614167623153,
  "Vm": 230.433987175435,
  "c3": -0.0010892890456176217,
  "c2": 0.035158406713697576,
  "c1": 0.5282172923380456,
  "c0": -14.120050881965479,
  "alpha": 2.016533059564127E-12,
  "beta": 5.5253367948896459,
  "Vusv_step": 185.02405908760241,
  "V0": 39.000110384844582,
  "Vd": 10.613954092077956,
  "Vusv_step_time": 30
}