{
  "Past_lv": 137.71226090891173,
  "Vast_lv": 251.28925436217685,
  "LVM": 245.95038718338276,
  "Vm": 231.65588730223041,
  "c3": -5.248953694711022E-5,
  "c2": 0.039782061173873548,
  "c1": 0.20483408012579149,
  "c0": -14.940272929980804,
  "alpha": 2.3476026676510691E-12,
  "beta": 5.7097939342682764,
  "Vusv_step": 142.99318433951638,
  "V0": 38.860161174974479,
  "Vd": 10.575866648885459,
  "Vusv_step_time": 30
}