{
  "Past_lv": 250.57422855940641,
  "Vast_lv": 176.22484523488959,
  "LVM": 275.37175967874856,
  "Vm": 232.23006038821222,
  "c3": -0.00097163155844878931,
  "c2": 0.037658465494039325,
  "c1": 0.4083630081152958,
  "c0": -15.04919372600909,
  "alpha": 3.9777472288813339E-12,
  "beta": 5.6172985948927261,
  "Vusv_step": 107.82742501237563,
  "V0": 43.508738029242274,
  "Vd": 11.840985666186189,
  "Vusv_step_time": 30
}