{
  "Past_lv": 130.49644134627272,
  "Vast_lv": 264.63081065697173,
  "LVM": 246.1559145516041,
  "Vm": 246.29816439767379,
  "c3": -0.00066736657845901438,
  "c2": 0.029143816910064679,
  "c1": 0.19666105775776471,
  "c0": -15.55098239210491,
  "alpha": 2.3596750575177763E-12,
  "beta": 5.440022609643492,
  "Vusv_step": 10.100931637061702,
  "V0": 38.892634499153452,
  "Vd": 10.584704325718976,
  "Vusv_step_time": 30
}