{
  "Past_lv": 245.00073630301057,
  "Vast_lv": 286.45206788117264,
  "LVM": 184.85868833941822,
  "Vm": 247.5520036752165,
  "c3": -0.0006195473183722188,
  "c2": 0.013862022468843965,
  "c1": 0.1340674990797186,
  "c0": -16.018662380292639,
  "alpha": 2.6280921393119456E-12,
  "beta": 5.6527675878131083,
  "Vusv_step": 136.42207813419444,
  "V0": 29.207672757628078,
  "Vd": 7.948923598594984,
  "Vusv_step_time": 30
}