{
  "Past_lv": 157.74690520666991,
  "Vast_lv": 208.42220450645021,
  "LVM": 245.66691839962385,
  "Vm": 244.63159765395912,
  "c3": -0.00012441004635760941,
  "c2": 0.029025411613293677,
  "c1": 0.45290152111450754,
  "c0": -16.548478442483081,
  "alpha": 2.4240052261439382E-12,
  "beta": 5.4141571574909442,
  "Vusv_step": 124.75147109645377,
  "V0": 38.815373107140573,
  "Vd": 10.563677491183826,
  "Vusv_step_time": 30
}