{
  "Past_lv": 241.27469226122662,
  "Vast_lv": 181.78644939718964,
  "LVM": 196.72985339255439,
  "Vm": 245.43252701724629,
  "c3": -0.00047486388469143237,
  "c2": 0.014634429341816527,
  "c1": 0.58721023126740046,
  "c0": -13.911825636594026,
  "alpha": 3.261059851800488E-12,
  "beta": 5.4545993090531875,
  "Vusv_step": 217.31906092632033,
  "V0": 31.083316836023595,
  "Vd": 8.4593836958798381,
  "Vusv_step_time": 30
}