{
  "Past_lv": 198.6143556192836,
  "Vast_lv": 251.54682386050791,
  "LVM": 236.59662297687794,
  "Vm": 237.36989321676697,
  "c3": -0.00067559784804909189,
  "c2": 0.019030100295224891,
  "c1": 0.45005269794191183,
  "c0": -12.068618035693179,
  "alpha": 2.9256065772807067E-12,
  "beta": 5.8222291121310183,
  "Vusv_step": 234.86625949230714,
  "V0": 37.382266430346718,
  "Vd": 10.173654788005752,
  "Vusv_step_time": 30
}