{
  "Past_lv": 198.48527347252127,
  "Vast_lv": 277.76174473637519,
  "LVM": 297.93393459886397,
  "Vm": 246.06680043846183,
  "c3": -0.00095404138424072049,
  "c2": 0.01252904149876765,
  "c1": 0.22317657086524059,
  "c0": -13.155430247619183,
  "alpha": 1.258013102233594E-12,
  "beta": 5.4892787426673033,
  "Vusv_step": 191.45764160389891,
  "V0": 47.073561666620506,
  "Vd": 12.81115918775115,
  "Vusv_step_time": 30
}