{
  "Past_lv": 216.51149840257028,
  "Vast_lv": 293.38125317173819,
  "LVM": 243.2441172985246,
  "Vm": 245.78889242964107,
  "c3": -0.00057082331016360208,
  "c2": 0.0047197613674950858,
  "c1": 0.57710495129821138,
  "c0": -12.039346410054783,
  "alpha": 3.0702265695141567E-12,
  "beta": 5.5691982548373185,
  "Vusv_step": 94.680165239430792,
  "V0": 38.432570533166889,
  "Vd": 10.459497043836556,
  "Vusv_step_time": 30
}