{
  "Past_lv": 250.13763149795562,
  "Vast_lv": 243.43905864147263,
  "LVM": 219.85745745346202,
  "Vm": 235.85144810844253,
  "c3": -0.0010805433398040651,
  "c2": 0.0020414866504259166,
  "c1": 0.49450454435457036,
  "c0": -15.877159692341852,
  "alpha": 3.1212544129236283E-12,
  "beta": 5.4650241041590517,
  "Vusv_step": 219.08409408415352,
  "V0": 34.737478277647,
  "Vd": 9.4538706704988673,
  "Vusv_step_time": 30
}