{
  "Past_lv": 212.96710924259912,
  "Vast_lv": 231.31128998975788,
  "LVM": 242.25371894674421,
  "Vm": 239.18959718591506,
  "c3": -0.00023026455615223764,
  "c2": 0.03901096801487041,
  "c1": 0.0864027486588399,
  "c0": -15.532067670289331,
  "alpha": 1.3325866756634382E-12,
  "beta": 5.7687684355823681,
  "Vusv_step": 118.15020451432129,
  "V0": 38.276087593585586,
  "Vd": 10.416909914710002,
  "Vusv_step_time": 30
}