{
  "Past_lv": 254.35270960180571,
  "Vast_lv": 269.12741443260813,
  "LVM": 295.20305756289179,
  "Vm": 246.52773100890948,
  "c3": -0.00072017564320165251,
  "c2": 0.0025817010000960053,
  "c1": 0.06615365125522582,
  "c0": -11.707058282631953,
  "alpha": 3.1428638580020665E-12,
  "beta": 5.84217487439259,
  "Vusv_step": 274.97751875567167,
  "V0": 46.642083094936908,
  "Vd": 12.693731475204347,
  "Vusv_step_time": 30
}