{
  "Past_lv": 173.22101431404838,
  "Vast_lv": 237.485838598608,
  "LVM": 218.61039824666054,
  "Vm": 231.74679977046944,
  "c3": -0.0005144165462723846,
  "c2": 0.0016996552301447448,
  "c1": 0.0578321078507325,
  "c0": -11.946130122970434,
  "alpha": 2.8473338357376581E-12,
  "beta": 5.5473090220813832,
  "Vusv_step": 233.18522975483933,
  "V0": 34.540442922972368,
  "Vd": 9.4002471246064019,
  "Vusv_step_time": 30
}