{
  "Past_lv": 230.49189222308732,
  "Vast_lv": 256.30286983759908,
  "LVM": 186.69559993003472,
  "Vm": 240.78955971122159,
  "c3": -6.801856221053202E-5,
  "c2": 0.028727083680113331,
  "c1": 0.12818820805100017,
  "c0": -14.837732745141523,
  "alpha": 2.2912721262699349E-13,
  "beta": 5.5409430866524332,
  "Vusv_step": 58.498983308674475,
  "V0": 29.49790478894549,
  "Vd": 8.0279107969914918,
  "Vusv_step_time": 30
}