{
  "Past_lv": 123.00926342943796,
  "Vast_lv": 275.72651464988303,
  "LVM": 288.16569586737353,
  "Vm": 233.07990176149011,
  "c3": -0.0002652465779687484,
  "c2": 0.002797878599828621,
  "c1": 0.40132844802655809,
  "c0": -15.267233353898924,
  "alpha": 1.2917502247902158E-12,
  "beta": 5.5955567783634441,
  "Vusv_step": 258.69524484022929,
  "V0": 45.530179947045013,
  "Vd": 12.39112492229706,
  "Vusv_step_time": 30
}