{
  "Past_lv": 175.11702754028806,
  "Vast_lv": 236.53208890781562,
  "LVM": 298.39600902652342,
  "Vm": 237.73678912298934,
  "c3": -0.00028306775190352178,
  "c2": 0.036069637089540037,
  "c1": 0.60508537104608262,
  "c0": -15.636058594501378,
  "alpha": 8.2141006080535074E-13,
  "beta": 5.858787969403549,
  "Vusv_step": 81.033335985819008,
  "V0": 47.1465694261907,
  "Vd": 12.831028388140505,
  "Vusv_step_time": 30
}