{
  "Past_lv": 142.57402035035861,
  "Vast_lv": 274.55525051295115,
  "LVM": 229.19397941228064,
  "Vm": 244.68012087574311,
  "c3": -0.00087154876601266875,
  "c2": -0.00069510625610671312,
  "c1": 0.36931908294030785,
  "c0": -15.857265711766733,
  "alpha": 2.813397315145825E-12,
  "beta": 5.5974911299934789,
  "Vusv_step": 60.722647387053492,
  "V0": 36.212648747140342,
  "Vd": 9.8553411147280663,
  "Vusv_step_time": 30
}