{
  "Past_lv": 184.21727881422925,
  "Vast_lv": 281.21303822204817,
  "LVM": 284.81043731811116,
  "Vm": 233.86566264252369,
  "c3": -0.00079096732038254,
  "c2": 0.026517919950837306,
  "c1": 0.17562630794736828,
  "c0": -12.836198819566508,
  "alpha": 3.7871012959234151E-12,
  "beta": 5.6452383735473068,
  "Vusv_step": 270.56292485323149,
  "V0": 45.000049096261563,
  "Vd": 12.24684880467878,
  "Vusv_step_time": 30
}