{
  "Past_lv": 197.97579363970931,
  "Vast_lv": 287.12676622298653,
  "LVM": 210.11643737227314,
  "Vm": 233.65276815278744,
  "c3": -0.00059009660937725549,
  "c2": 0.029593832721487915,
  "c1": 0.34001082229207696,
  "c0": -14.26844121774946,
  "alpha": 2.5731329164590852E-12,
  "beta": 5.8379169705020209,
  "Vusv_step": 292.1087335504846,
  "V0": 33.198397104819158,
  "Vd": 9.0350068070077434,
  "Vusv_step_time": 30
}