{
  "Past_lv": 222.53048439332912,
  "Vast_lv": 291.23287270926062,
  "LVM": 280.77040118982484,
  "Vm": 235.59890454902884,
  "c3": -6.1783720311003919E-5,
  "c2": 0.017760237624024355,
  "c1": 0.32591167667060872,
  "c0": -12.968045733102896,
  "alpha": 1.3221874947776625E-12,
  "beta": 5.5754329721582758,
  "Vusv_step": 205.56507211946149,
  "V0": 44.361723387992328,
  "Vd": 12.073127251162468,
  "Vusv_step_time": 30
}