{
  "Past_lv": 122.05437606197324,
  "Vast_lv": 200.40337245084856,
  "LVM": 260.77720111921872,
  "Vm": 234.792037070069,
  "c3": -0.00040338082167211983,
  "c2": 0.0012379372584239712,
  "c1": 0.35620635347327539,
  "c0": -13.590704465506491,
  "alpha": 2.4893778423515621E-12,
  "beta": 5.65647717330043,
  "Vusv_step": 91.00503839541588,
  "V0": 41.202797776836562,
  "Vd": 11.213419648126406,
  "Vusv_step_time": 30
}