{
  "Past_lv": 262.03816472443941,
  "Vast_lv": 268.62542505251514,
  "LVM": 177.03777117853241,
  "Vm": 242.2710116034622,
  "c3": -0.00029005033578422045,
  "c2": 0.040518611795304124,
  "c1": 0.42397120198077876,
  "c0": -11.787133066709426,
  "alpha": 3.933798939607673E-13,
  "beta": 5.4321134633543053,
  "Vusv_step": 280.75816371043157,
  "V0": 27.971967846208123,
  "Vd": 7.6126241606768925,
  "Vusv_step_time": 30
}