{
  "Past_lv": 236.8756360663636,
  "Vast_lv": 269.8682889043489,
  "LVM": 294.6092969718751,
  "Vm": 242.61275349030652,
  "c3": -0.0008888781620775408,
  "c2": 0.014274141323548845,
  "c1": 0.2684168266769773,
  "c0": -13.175027896780348,
  "alpha": 3.4948512656352723E-12,
  "beta": 5.7893758463464167,
  "Vusv_step": 177.12163154815869,
  "V0": 46.548268921556264,
  "Vd": 12.668199769790629,
  "Vusv_step_time": 30
}