{
  "Past_lv": 229.16939347850678,
  "Vast_lv": 222.10667827511276,
  "LVM": 279.15396382593065,
  "Vm": 238.96945561829364,
  "c3": -0.00022299940883765783,
  "c2": 0.02134294356382354,
  "c1": 0.50963875522964019,
  "c0": -15.957495756364368,
  "alpha": 7.7654706597278682E-13,
  "beta": 5.8577068968900585,
  "Vusv_step": 243.66944302020846,
  "V0": 44.106326284497044,
  "Vd": 12.003620444515018,
  "Vusv_step_time": 30
}