{
  "Past_lv": 191.02631633648642,
  "Vast_lv": 182.40190559576075,
  "LVM": 238.58199232072505,
  "Vm": 241.13607999058627,
  "c3": -0.000937198997471986,
  "c2": 0.0079484000966608959,
  "c1": 0.29039100361360676,
  "c0": -15.597376066584978,
  "alpha": 2.58885352211511E-12,
  "beta": 5.7576022563319293,
  "Vusv_step": 256.27299175143054,
  "V0": 37.695954786674562,
  "Vd": 10.259025669791177,
  "Vusv_step_time": 30
}