{
  "Past_lv": 129.05541837473893,
  "Vast_lv": 221.47637973546557,
  "LVM": 185.11090317954614,
  "Vm": 239.73941757328456,
  "c3": -0.00019593149094505717,
  "c2": 0.0022138738194015933,
  "c1": 0.0829541462049363,
  "c0": -11.988485924847904,
  "alpha": 1.4451804035842487E-12,
  "beta": 5.8180255399689722,
  "Vusv_step": 168.73475211687068,
  "V0": 29.247522702368293,
  "Vd": 7.9597688367204844,
  "Vusv_step_time": 30
}