{
  "Past_lv": 159.75077636174046,
  "Vast_lv": 250.51809504249806,
  "LVM": 253.71856075020602,
  "Vm": 248.81139733364026,
  "c3": -0.00095085510443405213,
  "c2": 0.01061893694836577,
  "c1": 0.054747562288700168,
  "c0": -16.086989180605602,
  "alpha": 3.2879466418311775E-12,
  "beta": 5.4121824036410642,
  "Vusv_step": 188.09339244053862,
  "V0": 40.087532598532555,
  "Vd": 10.909898112258858,
  "Vusv_step_time": 30
}