{
  "Past_lv": 149.08110408365741,
  "Vast_lv": 257.541299457763,
  "LVM": 227.15157806742812,
  "Vm": 232.11229032231773,
  "c3": -0.0010258661980279075,
  "c2": -0.0017720221543302897,
  "c1": 0.0064073852765715016,
  "c0": -13.346251613035269,
  "alpha": 2.7703969276415022E-12,
  "beta": 5.5512194787444695,
  "Vusv_step": 142.35043350722535,
  "V0": 35.889949334653643,
  "Vd": 9.76751785689941,
  "Vusv_step_time": 30
}