{
  "Past_lv": 226.68917798546741,
  "Vast_lv": 264.34026254724427,
  "LVM": 250.73698900094968,
  "Vm": 232.46101186683552,
  "c3": -0.0010786938495264682,
  "c2": 0.029366314622839743,
  "c1": 0.24148058415229182,
  "c0": -14.126974248902602,
  "alpha": 2.0758558557518691E-12,
  "beta": 5.6211647614172326,
  "Vusv_step": 30.402623640096493,
  "V0": 39.616444262150054,
  "Vd": 10.781690527040835,
  "Vusv_step_time": 30
}