{
  "Past_lv": 163.72153408563088,
  "Vast_lv": 213.69642256206885,
  "LVM": 184.65374334045674,
  "Vm": 237.79157028658224,
  "c3": -0.00065303407927986927,
  "c2": 0.036333596764573768,
  "c1": 0.0030645176977593,
  "c0": -11.961510261357484,
  "alpha": 3.7069332163238323E-12,
  "beta": 5.6854186972562344,
  "Vusv_step": 249.12543006637739,
  "V0": 29.175291447792166,
  "Vd": 7.940110963639639,
  "Vusv_step_time": 30
}