{
  "Past_lv": 139.42975400185986,
  "Vast_lv": 251.94241930462968,
  "LVM": 250.28989392714533,
  "Vm": 236.84560348665619,
  "c3": -0.00037576633661741182,
  "c2": 0.013345737236282434,
  "c1": 0.21918571345577539,
  "c0": -14.703892587107356,
  "alpha": 4.00790018714279E-12,
  "beta": 5.65075393401122,
  "Vusv_step": 93.6728276410771,
  "V0": 39.545803240488965,
  "Vd": 10.762465438867247,
  "Vusv_step_time": 30
}