{
  "Past_lv": 251.26863260168318,
  "Vast_lv": 191.07096238155759,
  "LVM": 201.72401776010298,
  "Vm": 233.76787588443543,
  "c3": -0.00046282916137540056,
  "c2": 0.0032405572806028515,
  "c1": 0.30027555462257816,
  "c0": -14.22658394006808,
  "alpha": 1.0410120230633139E-12,
  "beta": 5.83366702661596,
  "Vusv_step": 274.226204152462,
  "V0": 31.872394806096271,
  "Vd": 8.6741327636844279,
  "Vusv_step_time": 30
}