{
  "Past_lv": 267.9036563053229,
  "Vast_lv": 282.57067226112429,
  "LVM": 214.94497358093739,
  "Vm": 235.081854472295,
  "c3": -0.00069382334020561107,
  "c2": 0.035379637365747937,
  "c1": 0.062300307463036983,
  "c0": -14.952905180190996,
  "alpha": 3.1585870269203427E-12,
  "beta": 5.7470713918877454,
  "Vusv_step": 292.55319070987161,
  "V0": 33.961305825788109,
  "Vd": 9.2426338639803074,
  "Vusv_step_time": 30
}