{
  "Past_lv": 178.57099964016592,
  "Vast_lv": 219.63439185318816,
  "LVM": 291.46595045011134,
  "Vm": 230.19842610584428,
  "c3": -0.00082730862660496639,
  "c2": 0.040037167687506717,
  "c1": 0.46255677990226185,
  "c0": -15.811076330184221,
  "alpha": 2.8565020961672786E-12,
  "beta": 5.7827376457282735,
  "Vusv_step": 38.955775933587823,
  "V0": 46.051620171117591,
  "Vd": 12.533035869354787,
  "Vusv_step_time": 30
}