{
  "Past_lv": 207.18200667692082,
  "Vast_lv": 280.8008921764,
  "LVM": 185.66195517817368,
  "Vm": 236.48768830147333,
  "c3": -0.00082080076455615927,
  "c2": 0.023427675107735042,
  "c1": 0.048820594054668209,
  "c0": -16.104922989182171,
  "alpha": 8.97003965024662E-13,
  "beta": 5.4878706934779267,
  "Vusv_step": 180.27807474716525,
  "V0": 29.334588918151443,
  "Vd": 7.9834640726614676,
  "Vusv_step_time": 30
}