{
  "Past_lv": 200.54273209541341,
  "Vast_lv": 239.4595305858204,
  "LVM": 194.18043985826691,
  "Vm": 239.52426996558998,
  "c3": -0.00086606018648588976,
  "c2": 0.00546935558908921,
  "c1": 0.525428080725423,
  "c0": -15.520340478000534,
  "alpha": 1.7295634105824678E-12,
  "beta": 5.4433075856367141,
  "Vusv_step": 166.95010319122136,
  "V0": 30.68050949760617,
  "Vd": 8.3497589139054771,
  "Vusv_step_time": 30
}