{
  "Past_lv": 234.20645427439857,
  "Vast_lv": 246.19428922332341,
  "LVM": 225.26995899266805,
  "Vm": 232.93116658498977,
  "c3": -0.00040876855176165048,
  "c2": -0.0026568065387524362,
  "c1": 0.36648562010848729,
  "c0": -13.758516689792714,
  "alpha": 2.2327045612885776E-12,
  "beta": 5.6797418085430111,
  "Vusv_step": 243.20380392019919,
  "V0": 35.592653520841552,
  "Vd": 9.6866082366847266,
  "Vusv_step_time": 30
}