{
  "Past_lv": 203.67294136030853,
  "Vast_lv": 218.14735366959971,
  "LVM": 181.07594549003605,
  "Vm": 249.69606382473393,
  "c3": -0.00030668051965998164,
  "c2": -0.0021653521943934759,
  "c1": 0.296984299451295,
  "c0": -13.687443102906233,
  "alpha": 1.4224074401980232E-12,
  "beta": 5.7178625095911277,
  "Vusv_step": 54.727285574243325,
  "V0": 28.609999387425695,
  "Vd": 7.7862656560715493,
  "Vusv_step_time": 30
}