{
  "Past_lv": 138.1240271727967,
  "Vast_lv": 269.69791654877758,
  "LVM": 241.77098681929931,
  "Vm": 231.42910391758423,
  "c3": -0.00028132593924136103,
  "c2": 0.036494434387481671,
  "c1": 0.13176239035310541,
  "c0": -14.874910186246664,
  "alpha": 2.9529724203932303E-12,
  "beta": 5.8023103560550977,
  "Vusv_step": 115.74174680695739,
  "V0": 38.199815917449293,
  "Vd": 10.39615243322987,
  "Vusv_step_time": 30
}