{
  "Past_lv": 132.41713106863216,
  "Vast_lv": 259.24368585989038,
  "LVM": 178.20866596717431,
  "Vm": 240.35307114805579,
  "c3": -0.00054613267567016593,
  "c2": 0.016140035646230767,
  "c1": 0.28095309339232771,
  "c0": -15.582115516620599,
  "alpha": 3.582763510319589E-12,
  "beta": 5.7256512390094088,
  "Vusv_step": 272.16812310406664,
  "V0": 28.15696922281354,
  "Vd": 7.6629726365884947,
  "Vusv_step_time": 30
}