{
  "Past_lv": 238.39093197235121,
  "Vast_lv": 229.27416049990305,
  "LVM": 286.86071318100562,
  "Vm": 238.64502535134173,
  "c3": -0.00069736303646634177,
  "c2": 0.0091146046807669134,
  "c1": 0.00955393354924462,
  "c0": -11.727368234806786,
  "alpha": 7.8967118216121162E-13,
  "beta": 5.7737739346301264,
  "Vusv_step": 264.44929904076679,
  "V0": 45.323992682598892,
  "Vd": 12.335010666783241,
  "Vusv_step_time": 30
}