{
  "Past_lv": 239.74481701419296,
  "Vast_lv": 276.02423875450904,
  "LVM": 218.90713281723822,
  "Vm": 233.31513640852322,
  "c3": -0.00013543514198022352,
  "c2": 0.0092989596674450947,
  "c1": 0.370624463065305,
  "c0": -13.356034302702035,
  "alpha": 2.6532375663132997E-12,
  "beta": 5.4366799394267975,
  "Vusv_step": 25.788901587619872,
  "V0": 34.587326985123639,
  "Vd": 9.413006711141243,
  "Vusv_step_time": 30
}