{
  "Past_lv": 206.29362738558618,
  "Vast_lv": 297.55417908076674,
  "LVM": 179.46880698379815,
  "Vm": 245.085870061624,
  "c3": -0.00045736686851629779,
  "c2": -0.0022703176149696247,
  "c1": 0.18957548641442445,
  "c0": -15.605520849530711,
  "alpha": 3.7651631501014297E-13,
  "beta": 5.5623564157745555,
  "Vusv_step": 192.61851368766861,
  "V0": 28.356071503440106,
  "Vd": 7.71715870030332,
  "Vusv_step_time": 30
}