{
  "Past_lv": 202.71219422339698,
  "Vast_lv": 250.11909600031089,
  "LVM": 289.95756533319525,
  "Vm": 237.02160046763291,
  "c3": -0.00041848214140277292,
  "c2": -0.000626812496708963,
  "c1": 0.56391961436308524,
  "c0": -13.702528800168546,
  "alpha": 2.9196489039413284E-12,
  "beta": 5.6272131782788595,
  "Vusv_step": 157.60095003640211,
  "V0": 45.813295322644855,
  "Vd": 12.468175309327396,
  "Vusv_step_time": 30
}