{
  "Past_lv": 172.27942223449679,
  "Vast_lv": 219.34911771756057,
  "LVM": 276.38419551746597,
  "Vm": 240.21107700501878,
  "c3": -0.00050177400297949314,
  "c2": 0.00838835716884647,
  "c1": 0.11331884047181438,
  "c0": -11.689347090969656,
  "alpha": 1.7852219093867933E-12,
  "beta": 5.6554411531380371,
  "Vusv_step": 226.46832635352763,
  "V0": 43.668702891759622,
  "Vd": 11.884520407251037,
  "Vusv_step_time": 30
}