{
  "Past_lv": 164.21711839817777,
  "Vast_lv": 297.85227935833836,
  "LVM": 201.87186923743093,
  "Vm": 241.0649652736156,
  "c3": -0.00041534365773687265,
  "c2": 0.012914863802906976,
  "c1": 0.12393626397090671,
  "c0": -16.464230290879488,
  "alpha": 1.2036385067959429E-12,
  "beta": 5.5059901702476841,
  "Vusv_step": 104.96080765668088,
  "V0": 31.895755339514089,
  "Vd": 8.68049037720953,
  "Vusv_step_time": 30
}