{
  "Past_lv": 179.26059619721292,
  "Vast_lv": 272.14448643148285,
  "LVM": 195.60100927632871,
  "Vm": 243.99932512965933,
  "c3": -0.00044945247411017162,
  "c2": 0.020727478622307532,
  "c1": 0.428066577961331,
  "c0": -16.3637720826759,
  "alpha": 3.8763268877150453E-12,
  "beta": 5.8485854721014165,
  "Vusv_step": 57.383816397353648,
  "V0": 30.904959465659935,
  "Vd": 8.4108433988821343,
  "Vusv_step_time": 30
}