{
  "Past_lv": 124.7361953368071,
  "Vast_lv": 198.2181410183068,
  "LVM": 245.24974518952411,
  "Vm": 246.39720080107855,
  "c3": -0.00064361839732333275,
  "c2": 0.009703847109188958,
  "c1": 0.43670208218882195,
  "c0": -12.42677870156046,
  "alpha": 1.1846817046627811E-12,
  "beta": 5.4466157817664591,
  "Vusv_step": 153.8029572503184,
  "V0": 38.749459739944811,
  "Vd": 10.545739043149535,
  "Vusv_step_time": 30
}