{
  "Past_lv": 227.82930890167071,
  "Vast_lv": 252.48389881032921,
  "LVM": 188.84906669935279,
  "Vm": 236.7294748749535,
  "c3": -0.00013708351667041758,
  "c2": 0.031255259845068557,
  "c1": 0.566839576588241,
  "c0": -16.461864278908422,
  "alpha": 3.268960271631786E-12,
  "beta": 5.5653653297624386,
  "Vusv_step": 19.979374707137936,
  "V0": 29.838152538497742,
  "Vd": 8.120509868072169,
  "Vusv_step_time": 30
}