{
  "Past_lv": 160.41308363333002,
  "Vast_lv": 289.65891000772172,
  "LVM": 213.62377975120452,
  "Vm": 240.9013412767641,
  "c3": -0.00095928408290252222,
  "c2": 0.0327801207153046,
  "c1": 0.47837743465045018,
  "c0": -12.890527100678755,
  "alpha": 2.5971897513834491E-12,
  "beta": 5.7484037727241013,
  "Vusv_step": 83.265154932467567,
  "V0": 33.752557200690319,
  "Vd": 9.1858225293017934,
  "Vusv_step_time": 30
}