{
  "Past_lv": 161.93408602945408,
  "Vast_lv": 295.35965982048492,
  "LVM": 260.52282058106846,
  "Vm": 240.99647271223336,
  "c3": -0.00030267881547054679,
  "c2": 0.0090052063522529438,
  "c1": 0.569042311257806,
  "c0": -15.246436845649788,
  "alpha": 3.5644168985118638E-13,
  "beta": 5.5806613021844287,
  "Vusv_step": 211.31077188429069,
  "V0": 41.162605651808818,
  "Vd": 11.202481284985943,
  "Vusv_step_time": 30
}