{
  "Past_lv": 203.0453221893427,
  "Vast_lv": 264.88061341011655,
  "LVM": 180.77911477084021,
  "Vm": 238.7864506631968,
  "c3": -0.00094147442016532883,
  "c2": 0.00926036541531542,
  "c1": 0.090256574899508085,
  "c0": -12.267743360721546,
  "alpha": 2.4607948920415508E-12,
  "beta": 5.7456067027113606,
  "Vusv_step": 17.596810764856023,
  "V0": 28.563100133792755,
  "Vd": 7.773501935146129,
  "Vusv_step_time": 30
}