{
  "Past_lv": 174.58247063306578,
  "Vast_lv": 255.19150232831015,
  "LVM": 218.46307126225554,
  "Vm": 237.27209433755215,
  "c3": -0.00040481839738626521,
  "c2": 0.041738785017847412,
  "c1": 0.10363681643734059,
  "c0": -16.190883345673843,
  "alpha": 2.8504658629732334E-13,
  "beta": 5.6992178949978358,
  "Vusv_step": 2.5815214836839817,
  "V0": 34.517165259436382,
  "Vd": 9.3939120642769876,
  "Vusv_step_time": 30
}