{
  "Past_lv": 242.92568645394667,
  "Vast_lv": 214.18710126033983,
  "LVM": 244.34662783854353,
  "Vm": 230.73280917921315,
  "c3": -0.00096576376735059779,
  "c2": 0.0415083192141502,
  "c1": 0.061166317783229326,
  "c0": -13.088810807848331,
  "alpha": 2.8699473903274011E-12,
  "beta": 5.72979343438077,
  "Vusv_step": 213.56032118783455,
  "V0": 38.606767198489877,
  "Vd": 10.50690499705737,
  "Vusv_step_time": 30
}