{
  "Past_lv": 216.10976408726032,
  "Vast_lv": 239.96631199407798,
  "LVM": 260.1422634529647,
  "Vm": 236.30814490842545,
  "c3": -0.00016011160340649252,
  "c2": 0.00757891253758293,
  "c1": 0.12681012318831253,
  "c0": -13.730339877670179,
  "alpha": 3.4832491930976977E-12,
  "beta": 5.4613557444970029,
  "Vusv_step": 160.39199523695174,
  "V0": 41.102477625568426,
  "Vd": 11.186117328477481,
  "Vusv_step_time": 30
}