{
  "Past_lv": 261.40791052341262,
  "Vast_lv": 280.19629623292525,
  "LVM": 243.4845035919605,
  "Vm": 239.9971859024684,
  "c3": -0.00010283833710219127,
  "c2": 0.001538566977293522,
  "c1": 0.034574585426174406,
  "c0": -14.443187672352314,
  "alpha": 2.9227432369929968E-13,
  "beta": 5.6806633560028574,
  "Vusv_step": 263.31257908915353,
  "V0": 38.47055156752976,
  "Vd": 10.4698336544543,
  "Vusv_step_time": 30
}