{
  "Past_lv": 260.03345138270089,
  "Vast_lv": 270.44339346079181,
  "LVM": 177.51909329835772,
  "Vm": 234.31684022075061,
  "c3": -0.000833160992747597,
  "c2": 0.023947582743002068,
  "c1": 0.15285133534614359,
  "c0": -12.706879668036535,
  "alpha": 4.0854434889783907E-13,
  "beta": 5.800284880471799,
  "Vusv_step": 189.9238887029353,
  "V0": 28.048016741140522,
  "Vd": 7.6333210118293815,
  "Vusv_step_time": 30
}