{
  "Past_lv": 140.10054352748813,
  "Vast_lv": 293.95450847116194,
  "LVM": 195.42305522375716,
  "Vm": 246.64983313726066,
  "c3": -0.00072183547875052045,
  "c2": 0.028066197393473345,
  "c1": 0.039802480088484041,
  "c0": -16.04171293263872,
  "alpha": 8.7804641326535879E-13,
  "beta": 5.5151330212634777,
  "Vusv_step": 13.302424948949911,
  "V0": 30.87684272535363,
  "Vd": 8.4031913746215565,
  "Vusv_step_time": 30
}