{
  "Past_lv": 181.26325278098233,
  "Vast_lv": 190.14160059667074,
  "LVM": 200.35042312848222,
  "Vm": 241.77676955242146,
  "c3": -0.00013911172031453288,
  "c2": 0.012164500737595972,
  "c1": 0.23145580229448484,
  "c0": -13.849014192362318,
  "alpha": 2.7492665015462147E-12,
  "beta": 5.6332671350386114,
  "Vusv_step": 175.90762509575885,
  "V0": 31.65536685430019,
  "Vd": 8.6150681945247349,
  "Vusv_step_time": 30
}