{
  "Past_lv": 182.72661713508256,
  "Vast_lv": 179.35199868647229,
  "LVM": 207.68703044829613,
  "Vm": 236.56277739198728,
  "c3": -0.000691353173978791,
  "c2": 0.02023809043654963,
  "c1": 0.39846197192675209,
  "c0": -16.28576980579863,
  "alpha": 1.971697226094285E-12,
  "beta": 5.678302181700464,
  "Vusv_step": 202.28781210479352,
  "V0": 32.814550810830788,
  "Vd": 8.9305423092767331,
  "Vusv_step_time": 30
}