{
  "Past_lv": 262.9677732518079,
  "Vast_lv": 276.43332395572691,
  "LVM": 226.49030189648289,
  "Vm": 232.07858890645016,
  "c3": -0.00054369873904326215,
  "c2": 0.014071609648840258,
  "c1": 0.54569097123915311,
  "c0": -15.383268431084492,
  "alpha": 3.7002500367956873E-12,
  "beta": 5.7407105419010618,
  "Vusv_step": 149.31705360748589,
  "V0": 35.7854676996443,
  "Vd": 9.7390829815487638,
  "Vusv_step_time": 30
}