{
  "Past_lv": 229.79680504583257,
  "Vast_lv": 231.18175247895962,
  "LVM": 195.82089111045624,
  "Vm": 239.76283432366003,
  "c3": -0.00093551923155573075,
  "c2": 0.0074220547984526,
  "c1": 0.015567911072422063,
  "c0": -14.914104658470457,
  "alpha": 2.8216575420957805E-13,
  "beta": 5.5291309857932864,
  "Vusv_step": 174.20732879049169,
  "V0": 30.939700795452087,
  "Vd": 8.42029831774962,
  "Vusv_step_time": 30
}