{
  "Past_lv": 195.11003902682276,
  "Vast_lv": 261.98947556445916,
  "LVM": 265.063448962352,
  "Vm": 244.05379216200856,
  "c3": -0.00051742820399852424,
  "c2": 0.042968528783385716,
  "c1": 0.5052470606234899,
  "c0": -12.128584653707893,
  "alpha": 3.4288698148708866E-13,
  "beta": 5.4719704159749387,
  "Vusv_step": 61.33647671290818,
  "V0": 41.880024936051626,
  "Vd": 11.397728305381136,
  "Vusv_step_time": 30
}