{
  "Past_lv": 189.30397240367427,
  "Vast_lv": 280.59500296311268,
  "LVM": 224.41343515852972,
  "Vm": 232.63330230998116,
  "c3": -0.00038813348029843289,
  "c2": 0.038468776005617093,
  "c1": 0.35251717000476857,
  "c0": -16.658638884202638,
  "alpha": 3.0925077192353331E-13,
  "beta": 5.8282005906381738,
  "Vusv_step": 133.12677764829249,
  "V0": 35.4573227550477,
  "Vd": 9.6497777118167782,
  "Vusv_step_time": 30
}