{
  "Past_lv": 125.1000272791877,
  "Vast_lv": 258.50668135929794,
  "LVM": 295.62860164197548,
  "Vm": 243.63009230253417,
  "c3": -0.00082123227556192579,
  "c2": 0.026082757851975783,
  "c1": 0.25659054822115474,
  "c0": -14.015516777765827,
  "alpha": 6.3147356937649579E-13,
  "beta": 5.7937984585447859,
  "Vusv_step": 10.559368245877309,
  "V0": 46.709319059432126,
  "Vd": 12.712029870604944,
  "Vusv_step_time": 30
}