{
  "Past_lv": 238.70399382442614,
  "Vast_lv": 242.54115828338485,
  "LVM": 280.22739432112564,
  "Vm": 244.52993247341334,
  "c3": -0.0010520427323646858,
  "c2": 0.034541995838745107,
  "c1": 0.58369728808599064,
  "c0": -12.098967465056132,
  "alpha": 1.1935006120984168E-12,
  "beta": 5.4360412553754704,
  "Vusv_step": 64.099344975013352,
  "V0": 44.27592830273786,
  "Vd": 12.049777955808402,
  "Vusv_step_time": 30
}