{
  "Past_lv": 210.05700076271057,
  "Vast_lv": 248.32976991842395,
  "LVM": 249.11025064945628,
  "Vm": 232.99089199440488,
  "c3": -0.00080753423325537221,
  "c2": -0.0019405426251080729,
  "c1": 0.030023142814307131,
  "c0": -15.994783058820955,
  "alpha": 1.3953278989651796E-12,
  "beta": 5.8360805007350232,
  "Vusv_step": 139.07033038591882,
  "V0": 39.359419602614096,
  "Vd": 10.71174077792662,
  "Vusv_step_time": 30
}