{
  "Past_lv": 177.83365866205895,
  "Vast_lv": 209.3540815482603,
  "LVM": 291.87643746775859,
  "Vm": 242.3279773489553,
  "c3": -0.00060893996929801335,
  "c2": 0.032920650650080638,
  "c1": 0.40309061986276518,
  "c0": -15.659654230496287,
  "alpha": 3.0533337822542646E-12,
  "beta": 5.5383423203481819,
  "Vusv_step": 102.71936531455481,
  "V0": 46.116477119905859,
  "Vd": 12.55068681111362,
  "Vusv_step_time": 30
}