{
  "Past_lv": 200.79826931879796,
  "Vast_lv": 245.13041358516804,
  "LVM": 248.62457401786702,
  "Vm": 234.95236444370039,
  "c3": -0.00067039853499396807,
  "c2": 0.040786923174443754,
  "c1": 0.064114053306995142,
  "c0": -14.724135305378548,
  "alpha": 9.542083910014819E-13,
  "beta": 5.5029731737323546,
  "Vusv_step": 96.258390929778116,
  "V0": 39.282682694822995,
  "Vd": 10.690856682768281,
  "Vusv_step_time": 30
}