{
  "Past_lv": 213.23731426973174,
  "Vast_lv": 196.23910585689762,
  "LVM": 293.66599811525566,
  "Vm": 237.61698759758394,
  "c3": -0.0010132209294929535,
  "c2": 0.019572702637990932,
  "c1": 0.44617200438137444,
  "c0": -12.643393369792097,
  "alpha": 2.0091780585963891E-12,
  "beta": 5.55161707973253,
  "Vusv_step": 47.1009225787259,
  "V0": 46.3992277022104,
  "Vd": 12.627637918955992,
  "Vusv_step_time": 30
}