{
  "Past_lv": 207.81219061131048,
  "Vast_lv": 197.99389665388827,
  "LVM": 182.5878840344127,
  "Vm": 231.0519088495279,
  "c3": -0.00075136108709547328,
  "c2": 0.0170369534935509,
  "c1": 0.193729212198385,
  "c0": -14.804730421851641,
  "alpha": 7.64526162930535E-13,
  "beta": 5.5082000699783791,
  "Vusv_step": 299.01624372034468,
  "V0": 28.848885677437206,
  "Vd": 7.8512790134797452,
  "Vusv_step_time": 30
}