{
  "Past_lv": 155.92326487807742,
  "Vast_lv": 246.4992128427532,
  "LVM": 226.94505419161251,
  "Vm": 244.4059323351222,
  "c3": -0.00039335165135674784,
  "c2": 0.023033216192690487,
  "c1": 0.021180295480115661,
  "c0": -14.605289949831455,
  "alpha": 2.0476689818997309E-12,
  "beta": 5.4225073722610482,
  "Vusv_step": 50.603957714992951,
  "V0": 35.857318562274777,
  "Vd": 9.7586373302393365,
  "Vusv_step_time": 30
}