{
  "Past_lv": 139.52448607640264,
  "Vast_lv": 195.00549106702744,
  "LVM": 209.90561096625049,
  "Vm": 248.46422705570475,
  "c3": -0.0010196797807104374,
  "c2": 0.037879288537536873,
  "c1": 0.13996592353360049,
  "c0": -13.264682128311826,
  "alpha": 2.7733402884479459E-12,
  "beta": 5.8672338236071475,
  "Vusv_step": 230.31562337442355,
  "V0": 33.16508653266758,
  "Vd": 9.02594127154877,
  "Vusv_step_time": 30
}