{
  "Past_lv": 218.05129828075968,
  "Vast_lv": 262.98007199910455,
  "LVM": 262.33408004509204,
  "Vm": 237.13092405957485,
  "c3": -0.0010839280472671636,
  "c2": 0.00053634814102750811,
  "c1": 0.43868288749123358,
  "c0": -13.179781681457804,
  "alpha": 2.1198917864276742E-12,
  "beta": 5.6831629356234075,
  "Vusv_step": 42.665646345088959,
  "V0": 41.44878464712454,
  "Vd": 11.280365441938956,
  "Vusv_step_time": 30
}