{
  "Past_lv": 203.98869592000335,
  "Vast_lv": 234.33778531060764,
  "LVM": 256.99270647914977,
  "Vm": 248.18041431964832,
  "c3": -0.000912285684368148,
  "c2": -0.0032295503853083038,
  "c1": 0.02334702113282966,
  "c0": -15.181804220419217,
  "alpha": 2.6673386605100836E-12,
  "beta": 5.6119269206351738,
  "Vusv_step": 259.5855749393815,
  "V0": 40.604847623705666,
  "Vd": 11.050686378603439,
  "Vusv_step_time": 30
}