{
  "Past_lv": 155.61102419305132,
  "Vast_lv": 295.13277443442286,
  "LVM": 292.59313090174413,
  "Vm": 233.5552108315101,
  "c3": -0.00068577893159820977,
  "c2": 0.019721822172820046,
  "c1": 0.33357593278688769,
  "c0": -11.894544810939223,
  "alpha": 8.3610078754263705E-13,
  "beta": 5.7540600616102955,
  "Vusv_step": 106.37065535561796,
  "V0": 46.229714682475581,
  "Vd": 12.581504628774997,
  "Vusv_step_time": 30
}