{
  "Past_lv": 131.74402157690216,
  "Vast_lv": 290.7013426261982,
  "LVM": 230.95814757956583,
  "Vm": 232.25609928112027,
  "c3": -0.0010947705602760824,
  "c2": 0.018347177781083857,
  "c1": 0.5856163852978491,
  "c0": -14.139041234257547,
  "alpha": 2.9703032158594089E-12,
  "beta": 5.5101920520814005,
  "Vusv_step": 37.257540835915009,
  "V0": 36.4913873175714,
  "Vd": 9.9312003459213312,
  "Vusv_step_time": 30
}