{
  "Past_lv": 188.83965542893122,
  "Vast_lv": 224.34366098213138,
  "LVM": 197.09079918975982,
  "Vm": 233.82371535401185,
  "c3": -0.0003958987390444347,
  "c2": -0.002429768337993389,
  "c1": 0.250907735254565,
  "c0": -12.649877312985844,
  "alpha": 1.0675803705616885E-12,
  "beta": 5.7818709105260471,
  "Vusv_step": 27.591832534207995,
  "V0": 31.140346271982054,
  "Vd": 8.4749043651596718,
  "Vusv_step_time": 30
}