{
  "Past_lv": 230.11156808169881,
  "Vast_lv": 244.98834461896519,
  "LVM": 239.77118455216373,
  "Vm": 231.58017670325336,
  "c3": -0.00018849617935262533,
  "c2": 0.0059833675431382183,
  "c1": 0.043272870449709747,
  "c0": -16.523890049498856,
  "alpha": 2.3691032514134634E-12,
  "beta": 5.591816256814421,
  "Vusv_step": 250.15740725318642,
  "V0": 37.883847159241874,
  "Vd": 10.31016093574304,
  "Vusv_step_time": 30
}