{
  "Past_lv": 211.64993253122464,
  "Vast_lv": 188.50898837750049,
  "LVM": 275.93073679054254,
  "Vm": 240.92052462732858,
  "c3": -0.00042965061835681276,
  "c2": 0.040697081746986816,
  "c1": 0.39217393151967395,
  "c0": -15.782648978353908,
  "alpha": 2.252787590873768E-12,
  "beta": 5.6307381941466641,
  "Vusv_step": 53.531000681568337,
  "V0": 43.597056412905722,
  "Vd": 11.865021681993328,
  "Vusv_step_time": 30
}