{
  "Past_lv": 146.98459443001244,
  "Vast_lv": 202.65476497376457,
  "LVM": 220.83575222263323,
  "Vm": 232.72541593675791,
  "c3": -0.00043497752854326549,
  "c2": 0.0039947079978014666,
  "c1": 0.24522868819108726,
  "c0": -13.547817206663554,
  "alpha": 2.8225901811042957E-12,
  "beta": 5.6730293909893383,
  "Vusv_step": 53.096097242693887,
  "V0": 34.89204885117605,
  "Vd": 9.4959373455732283,
  "Vusv_step_time": 30
}