{
  "Past_lv": 157.94756972531519,
  "Vast_lv": 215.89688138888354,
  "LVM": 285.35665675711914,
  "Vm": 230.98054698161067,
  "c3": -0.00080967396141710555,
  "c2": 0.038186406462843492,
  "c1": 0.041904402819049967,
  "c0": -14.810476279817461,
  "alpha": 6.0864668719177863E-13,
  "beta": 5.8068890285926438,
  "Vusv_step": 212.640452192764,
  "V0": 45.086351767624826,
  "Vd": 12.270336240556123,
  "Vusv_step_time": 30
}