{
  "Past_lv": 262.56433502108769,
  "Vast_lv": 251.00181498379285,
  "LVM": 297.45999046934969,
  "Vm": 234.5413348110601,
  "c3": -0.0010400409764922409,
  "c2": 0.043065541190037651,
  "c1": 0.074995669030950993,
  "c0": -15.279525524270991,
  "alpha": 2.2775992722382894E-12,
  "beta": 5.4381534645984262,
  "Vusv_step": 260.77567200865843,
  "V0": 46.998678494157254,
  "Vd": 12.790779590182037,
  "Vusv_step_time": 30
}