{
  "Past_lv": 168.85178891183651,
  "Vast_lv": 267.78107544465627,
  "LVM": 225.8730777954467,
  "Vm": 242.22578678316455,
  "c3": -0.0010108105266587624,
  "c2": 0.0081726401538800772,
  "c1": 0.19514545349557286,
  "c0": -13.276173357455558,
  "alpha": 1.2740585475126032E-12,
  "beta": 5.8613422705055651,
  "Vusv_step": 34.526711345223866,
  "V0": 35.687946291680582,
  "Vd": 9.7125423452042075,
  "Vusv_step_time": 30
}