{
  "Past_lv": 260.22245215799063,
  "Vast_lv": 215.52559852379471,
  "LVM": 246.30324908369002,
  "Vm": 235.1569536664517,
  "c3": -0.00084581758912402692,
  "c2": 0.033867668499297822,
  "c1": 0.45575223971016282,
  "c0": -14.758648714866091,
  "alpha": 1.5052211928218614E-12,
  "beta": 5.81882403161248,
  "Vusv_step": 124.8261518306623,
  "V0": 38.915913355223026,
  "Vd": 10.59103971059867,
  "Vusv_step_time": 30
}