{
  "Past_lv": 186.18627757045766,
  "Vast_lv": 187.12895695200328,
  "LVM": 232.92430345021486,
  "Vm": 249.59828658854943,
  "c3": -0.00045939385470279031,
  "c2": -0.0011172186821657715,
  "c1": 0.58864284193502159,
  "c0": -11.70213687975588,
  "alpha": 9.4447683155201222E-13,
  "beta": 5.5873854110538144,
  "Vusv_step": 100.78875061106265,
  "V0": 36.802039945133949,
  "Vd": 10.015745048359239,
  "Vusv_step_time": 30
}