{
  "Past_lv": 187.50426787943533,
  "Vast_lv": 175.28203805584371,
  "LVM": 204.85032860106389,
  "Vm": 240.1403555239458,
  "c3": -0.0010722090463131345,
  "c2": 0.036243511731579157,
  "c1": 0.1089209750124062,
  "c0": -13.305176787150627,
  "alpha": 1.9190003248707603E-12,
  "beta": 5.7609261833873306,
  "Vusv_step": 224.31422151866582,
  "V0": 32.3663519189681,
  "Vd": 8.8085641298457471,
  "Vusv_step_time": 30
}