{
  "Past_lv": 255.85214316774795,
  "Vast_lv": 216.73833352404941,
  "LVM": 215.31146966780943,
  "Vm": 242.13462553231403,
  "c3": -0.00061659901978544293,
  "c2": 0.045103412806923086,
  "c1": 0.44052870260323945,
  "c0": -15.421318421574862,
  "alpha": 2.0935768599350953E-12,
  "beta": 5.7104145872945509,
  "Vusv_step": 19.033086545883723,
  "V0": 34.019212207513895,
  "Vd": 9.2583931957158043,
  "Vusv_step_time": 30
}