{
  "Past_lv": 194.88145909528151,
  "Vast_lv": 247.11187333172273,
  "LVM": 280.62746969931715,
  "Vm": 240.71999955970634,
  "c3": -0.00037927445686489181,
  "c2": 0.0298259027157428,
  "c1": 0.5802010532155002,
  "c0": -12.677395453590677,
  "alpha": 1.7191140143018016E-12,
  "beta": 5.4554925967994912,
  "Vusv_step": 218.3602543903346,
  "V0": 44.339140212492111,
  "Vd": 12.066981197070636,
  "Vusv_step_time": 30
}