{
  "Past_lv": 132.6354385043937,
  "Vast_lv": 195.93456488361426,
  "LVM": 231.38702795508459,
  "Vm": 247.64663103950875,
  "c3": -0.00070289212986906265,
  "c2": 0.015913128595641673,
  "c1": 0.37947433797996577,
  "c0": -14.558650997086854,
  "alpha": 2.6986927942526345E-12,
  "beta": 5.6235454027618257,
  "Vusv_step": 105.92284599771186,
  "V0": 36.559150416903364,
  "Vd": 9.9496422020686381,
  "Vusv_step_time": 30
}