{
  "Past_lv": 195.40729314237825,
  "Vast_lv": 229.64448521479952,
  "LVM": 235.181371511896,
  "Vm": 247.97930671984929,
  "c3": -0.00051127910387225434,
  "c2": 0.021089129188118682,
  "c1": 0.55544836334725123,
  "c0": -15.491003000001854,
  "alpha": 2.6389491806723176E-12,
  "beta": 5.8114856576934359,
  "Vusv_step": 84.620670208220048,
  "V0": 37.158656698879575,
  "Vd": 10.112798975011527,
  "Vusv_step_time": 30
}