{
  "Past_lv": 259.2795686901959,
  "Vast_lv": 196.56982092545886,
  "LVM": 199.39309311022734,
  "Vm": 237.43586498330654,
  "c3": -6.3852981750342789E-5,
  "c2": 0.033157586354812321,
  "c1": 0.0515048459495726,
  "c0": -16.607213438340757,
  "alpha": 1.7523595180046282E-12,
  "beta": 5.443917998831739,
  "Vusv_step": 14.203748286697135,
  "V0": 31.50410871141592,
  "Vd": 8.5739030037397761,
  "Vusv_step_time": 30
}