{
  "Past_lv": 166.43394176558522,
  "Vast_lv": 188.31947661877513,
  "LVM": 291.152141348475,
  "Vm": 240.42240339435517,
  "c3": -8.1686206186403756E-5,
  "c2": 0.009462147592473491,
  "c1": 0.28304443572859445,
  "c0": -12.365491970787632,
  "alpha": 2.4183853684553404E-12,
  "beta": 5.7884158929881764,
  "Vusv_step": 266.03069975717796,
  "V0": 46.002038333059055,
  "Vd": 12.519542077984427,
  "Vusv_step_time": 30
}