{
  "Past_lv": 128.90901581383719,
  "Vast_lv": 291.58075913726333,
  "LVM": 224.80729418464668,
  "Vm": 247.31087149950076,
  "c3": -0.00034239855890472203,
  "c2": 0.042917601626334977,
  "c1": 0.21023416151771482,
  "c0": -12.682890380027898,
  "alpha": 1.5934863539602151E-12,
  "beta": 5.6135622186278846,
  "Vusv_step": 63.0170543563255,
  "V0": 35.519552481174181,
  "Vd": 9.6667136499398065,
  "Vusv_step_time": 30
}