{
  "Past_lv": 163.47849452294076,
  "Vast_lv": 284.70749133586514,
  "LVM": 286.72263079745807,
  "Vm": 248.5302459951734,
  "c3": -0.00094404722781694537,
  "c2": 0.039653772829099647,
  "c1": 0.15021385226127174,
  "c0": -11.992380612858774,
  "alpha": 5.9405531997407738E-13,
  "beta": 5.5962987266848661,
  "Vusv_step": 238.99427953629819,
  "V0": 45.302175665998377,
  "Vd": 12.329073124290696,
  "Vusv_step_time": 30
}