{
  "Past_lv": 243.12328858559761,
  "Vast_lv": 192.6848637010159,
  "LVM": 193.68127043921371,
  "Vm": 230.882440414178,
  "c3": -0.00085195020916308006,
  "c2": 0.017426715004084124,
  "c1": 0.16521575096574004,
  "c0": -15.410802704934603,
  "alpha": 1.1701522215083477E-12,
  "beta": 5.8051579333794212,
  "Vusv_step": 221.12791669461507,
  "V0": 30.601640729395768,
  "Vd": 8.328294628886189,
  "Vusv_step_time": 30
}