{
  "Past_lv": 160.15789155996131,
  "Vast_lv": 265.34875265227294,
  "LVM": 178.79742486880892,
  "Vm": 235.989296255211,
  "c3": -0.00044447954971633041,
  "c2": 0.032387995718192265,
  "c1": 0.42573071319674627,
  "c0": -13.877693271443452,
  "alpha": 3.4439011757835127E-12,
  "beta": 5.4132360918082529,
  "Vusv_step": 272.95227418632373,
  "V0": 28.249993129271811,
  "Vd": 7.6882892693587825,
  "Vusv_step_time": 30
}