{
  "Past_lv": 178.26248608195132,
  "Vast_lv": 285.97345271484073,
  "LVM": 211.65539115298677,
  "Vm": 243.00533423770557,
  "c3": -4.2739043971577653E-5,
  "c2": 0.037568320126416546,
  "c1": 0.43490053137863216,
  "c0": -14.569069162033475,
  "alpha": 2.10089953163081E-12,
  "beta": 5.7872696895043569,
  "Vusv_step": 133.29846785576035,
  "V0": 33.441551802171915,
  "Vd": 9.10118181957843,
  "Vusv_step_time": 30
}