{
  "Past_lv": 141.6554655702098,
  "Vast_lv": 193.3743811293254,
  "LVM": 289.38009502220626,
  "Vm": 231.62533212639107,
  "c3": -0.00043657953036891955,
  "c2": 0.027429654350436157,
  "c1": 0.39945388481418481,
  "c0": -11.719295860323378,
  "alpha": 1.6610946421165515E-12,
  "beta": 5.7153313617056378,
  "Vusv_step": 211.92399617998873,
  "V0": 45.722055013508587,
  "Vd": 12.443344085954868,
  "Vusv_step_time": 30
}