{
  "Past_lv": 264.95880139584972,
  "Vast_lv": 289.19916279448654,
  "LVM": 194.35123895995403,
  "Vm": 245.34024405813494,
  "c3": -7.8412102133829532E-5,
  "c2": 0.032091999633282436,
  "c1": 0.30720809957971873,
  "c0": -11.844704457918418,
  "alpha": 2.5355576661562441E-12,
  "beta": 5.5780536030714822,
  "Vusv_step": 295.68961215286407,
  "V0": 30.707495755672738,
  "Vd": 8.357103275278023,
  "Vusv_step_time": 30
}