{
  "Past_lv": 177.35725666296935,
  "Vast_lv": 209.61447186576612,
  "LVM": 220.26530535203506,
  "Vm": 245.20390431111886,
  "c3": -0.00056613707198080216,
  "c2": 0.02021742914195724,
  "c1": 0.57601104731343133,
  "c0": -15.352828638216588,
  "alpha": 5.85838940265153E-13,
  "beta": 5.6281211577824237,
  "Vusv_step": 151.56867330240178,
  "V0": 34.801918245621543,
  "Vd": 9.4714081301375082,
  "Vusv_step_time": 30
}