{
  "Past_lv": 147.37096767652093,
  "Vast_lv": 221.04697486048951,
  "LVM": 217.23991473186916,
  "Vm": 241.17334879352887,
  "c3": -0.0010057236751714045,
  "c2": 0.00039860974969824214,
  "c1": 0.0713396027234521,
  "c0": -14.67407209178889,
  "alpha": 1.0925781716423846E-12,
  "beta": 5.8099158779808882,
  "Vusv_step": 195.854400415371,
  "V0": 34.32390652763533,
  "Vd": 9.3413163334703739,
  "Vusv_step_time": 30
}