{
  "Past_lv": 183.3692804225783,
  "Vast_lv": 193.15041879272809,
  "LVM": 222.98567423985918,
  "Vm": 245.61965917716316,
  "c3": -0.000799571886837972,
  "c2": 0.02928071420241107,
  "c1": 0.31490992527019795,
  "c0": -11.854642083522569,
  "alpha": 1.0221438331540881E-12,
  "beta": 5.643499074381003,
  "Vusv_step": 73.161409398792955,
  "V0": 35.231736529897752,
  "Vd": 9.5883839923139433,
  "Vusv_step_time": 30
}