{
  "Past_lv": 249.52175902794289,
  "Vast_lv": 285.11141644262597,
  "LVM": 263.20606758971485,
  "Vm": 230.22583344875625,
  "c3": -0.0010343205302437897,
  "c2": 0.031229314772668524,
  "c1": 0.14795762896208006,
  "c0": -13.820348257284488,
  "alpha": 3.8474959072538574E-13,
  "beta": 5.444963417568502,
  "Vusv_step": 254.07308194250012,
  "V0": 41.586558679174949,
  "Vd": 11.317860906357737,
  "Vusv_step_time": 30
}