{
  "Past_lv": 258.60060934265528,
  "Vast_lv": 287.40062848958,
  "LVM": 299.25534241000759,
  "Vm": 249.7492978963169,
  "c3": -0.00043366320645610518,
  "c2": 0.027154321741602594,
  "c1": 0.38094838379122364,
  "c0": -13.777699945130809,
  "alpha": 1.9427743685365233E-12,
  "beta": 5.42956150578353,
  "Vusv_step": 58.188655227323935,
  "V0": 47.2823441007812,
  "Vd": 12.867979723630325,
  "Vusv_step_time": 30
}