{
  "Past_lv": 252.78937511898209,
  "Vast_lv": 182.60094355830219,
  "LVM": 183.67597407603461,
  "Vm": 243.65956319525989,
  "c3": -0.00040830285038636423,
  "c2": 0.00012126913264731698,
  "c1": 0.50916200630537267,
  "c0": -16.415789369215929,
  "alpha": 1.8579083572421161E-12,
  "beta": 5.5983264832519177,
  "Vusv_step": 183.69187376861743,
  "V0": 29.020803904013469,
  "Vd": 7.8980668852694871,
  "Vusv_step_time": 30
}