{
  "Past_lv": 184.57963821653118,
  "Vast_lv": 224.21750354643348,
  "LVM": 275.66126796034052,
  "Vm": 248.09847975408266,
  "c3": -0.00010435587716258409,
  "c2": 0.0076390453703890429,
  "c1": 0.38999245672029836,
  "c0": -15.024174386471042,
  "alpha": 4.0976657933564042E-12,
  "beta": 5.4993653909864948,
  "Vusv_step": 105.53955163894561,
  "V0": 43.5544803377338,
  "Vd": 11.853434522294641,
  "Vusv_step_time": 30
}