{
  "Past_lv": 205.71620097261348,
  "Vast_lv": 228.49336625354195,
  "LVM": 264.46513302895619,
  "Vm": 245.4629207965022,
  "c3": -0.00048446643258634144,
  "c2": 0.015307960252364018,
  "c1": 0.48342262328023555,
  "c0": -16.250036583741387,
  "alpha": 3.1808588293721031E-12,
  "beta": 5.7782714655094525,
  "Vusv_step": 153.52853195816698,
  "V0": 41.785491018575073,
  "Vd": 11.372000720245117,
  "Vusv_step_time": 30
}