{
  "Past_lv": 225.05619025818234,
  "Vast_lv": 225.23018248972417,
  "LVM": 204.63830957314289,
  "Vm": 235.49582887503638,
  "c3": -0.00059783240316484609,
  "c2": 0.0301141019415143,
  "c1": 0.1604279096531378,
  "c0": -14.546278233481381,
  "alpha": 4.0653460462495279E-12,
  "beta": 5.4696189317691521,
  "Vusv_step": 112.56856532660349,
  "V0": 32.332852912556575,
  "Vd": 8.7994473116451442,
  "Vusv_step_time": 30
}