{
  "Past_lv": 205.45717353231279,
  "Vast_lv": 211.60545397480587,
  "LVM": 286.32396505796527,
  "Vm": 244.356832500764,
  "c3": -0.00017504009434909506,
  "c2": -0.0020395892676518673,
  "c1": 0.25306327522312766,
  "c0": -12.26014159796334,
  "alpha": 3.9412499628117109E-12,
  "beta": 5.5193833325156554,
  "Vusv_step": 77.349742442009656,
  "V0": 45.239186479158519,
  "Vd": 12.311930497492506,
  "Vusv_step_time": 30
}