{
  "Past_lv": 186.81416344133908,
  "Vast_lv": 223.27058447062842,
  "LVM": 254.22838714333443,
  "Vm": 248.30490751691508,
  "c3": -0.00077679885462972288,
  "c2": 0.0071144176792039479,
  "c1": 0.15575369445816195,
  "c0": -13.308792072636438,
  "alpha": 3.464711160459366E-12,
  "beta": 5.503573590217222,
  "Vusv_step": 0.50891533880221607,
  "V0": 40.16808516864684,
  "Vd": 10.931820647163381,
  "Vusv_step_time": 30
}