{
  "Past_lv": 168.50559970786935,
  "Vast_lv": 194.85039303168932,
  "LVM": 275.17635923417674,
  "Vm": 233.51350880349844,
  "c3": -9.7082510787304451E-5,
  "c2": 0.019327118416476229,
  "c1": 0.58337377243157618,
  "c0": -11.925868967774123,
  "alpha": 3.1359116102394719E-12,
  "beta": 5.4213238867388123,
  "Vusv_step": 95.799379786529286,
  "V0": 43.477864758999928,
  "Vd": 11.832583447069599,
  "Vusv_step_time": 30
}