{
  "Past_lv": 254.86657711741134,
  "Vast_lv": 209.83117586293551,
  "LVM": 261.91144920134252,
  "Vm": 243.3826839386559,
  "c3": -0.0010194968303059823,
  "c2": 0.039990183805652252,
  "c1": 0.29443361794763945,
  "c0": -15.344996997059393,
  "alpha": 3.4342765108137679E-12,
  "beta": 5.6009100932963269,
  "Vusv_step": 88.3001308294177,
  "V0": 41.38200897381212,
  "Vd": 11.262192315657728,
  "Vusv_step_time": 30
}