{
  "Past_lv": 180.84655713202028,
  "Vast_lv": 247.6031532652832,
  "LVM": 281.36281350022438,
  "Vm": 230.60863422243557,
  "c3": -0.00039022912837297888,
  "c2": 0.043799971083176487,
  "c1": 0.019583074770727391,
  "c0": -16.378174547892172,
  "alpha": 1.4539214006585395E-12,
  "beta": 5.8625651369513712,
  "Vusv_step": 79.370749194837,
  "V0": 44.455324533035451,
  "Vd": 12.098600980509648,
  "Vusv_step_time": 30
}