{
  "Past_lv": 255.49011984180876,
  "Vast_lv": 180.72744730903568,
  "LVM": 258.56303510623678,
  "Vm": 241.91745170305745,
  "c3": -0.0010754544359619842,
  "c2": 0.04280722235854291,
  "c1": 0.1600322443243721,
  "c0": -16.588517914120242,
  "alpha": 3.0841588724894065E-12,
  "beta": 5.6511912370163353,
  "Vusv_step": 87.888135227631423,
  "V0": 40.852959546785414,
  "Vd": 11.118210509568183,
  "Vusv_step_time": 30
}