{
  "Past_lv": 211.13974721672156,
  "Vast_lv": 272.95277499890028,
  "LVM": 196.05013979685265,
  "Vm": 241.23295942669213,
  "c3": -0.00032873204063716061,
  "c2": 0.00195635676730245,
  "c1": 0.299381366381464,
  "c0": -16.071062517756808,
  "alpha": 3.3056915548664073E-13,
  "beta": 5.5467646061190745,
  "Vusv_step": 298.74732069671109,
  "V0": 30.975922087902717,
  "Vd": 8.4301560112646641,
  "Vusv_step_time": 30
}