{
  "Past_lv": 123.41625251588161,
  "Vast_lv": 188.10964745026965,
  "LVM": 194.81806357620542,
  "Vm": 241.83421647605888,
  "c3": -0.00024284029566998418,
  "c2": 0.030217623081153271,
  "c1": 0.17962274694815591,
  "c0": -15.673737736635147,
  "alpha": 7.2975324888753745E-13,
  "beta": 5.6035608607146514,
  "Vusv_step": 92.756374313470715,
  "V0": 30.781254045040459,
  "Vd": 8.3771767337768317,
  "Vusv_step_time": 30
}