{
  "Past_lv": 226.48040859124831,
  "Vast_lv": 189.07215109143357,
  "LVM": 274.51152869872874,
  "Vm": 245.64983741080155,
  "c3": -0.000145550325736289,
  "c2": 0.025848239713926281,
  "c1": 0.59201748877960414,
  "c0": -12.905874231877512,
  "alpha": 3.3719851549632748E-12,
  "beta": 5.4246463314480042,
  "Vusv_step": 194.32536192042215,
  "V0": 43.372821534399144,
  "Vd": 11.803995734045337,
  "Vusv_step_time": 30
}