{
  "Past_lv": 206.62528457518704,
  "Vast_lv": 266.0563607390261,
  "LVM": 249.83039072213995,
  "Vm": 230.94278997882509,
  "c3": -0.0010570855322450316,
  "c2": 0.0211253896990891,
  "c1": 0.40546908468104259,
  "c0": -16.295754191937853,
  "alpha": 1.6009104503026525E-12,
  "beta": 5.4196305875482418,
  "Vusv_step": 157.00469919779985,
  "V0": 39.473201734098119,
  "Vd": 10.742706801052018,
  "Vusv_step_time": 30
}