{
  "Past_lv": 143.1073643867756,
  "Vast_lv": 274.25949593370376,
  "LVM": 287.628661076095,
  "Vm": 231.33946794427655,
  "c3": -0.00036060309867029516,
  "c2": 0.039376275860612556,
  "c1": 0.0166018804158997,
  "c0": -15.787584389289144,
  "alpha": 1.5242781121859369E-12,
  "beta": 5.6884021652931995,
  "Vusv_step": 35.534736265146464,
  "V0": 45.445328450023005,
  "Vd": 12.368032426272084,
  "Vusv_step_time": 30
}