{
  "Past_lv": 221.64375590676923,
  "Vast_lv": 207.01173527120312,
  "LVM": 219.51220862571063,
  "Vm": 235.01056024297202,
  "c3": -0.00099025375279961623,
  "c2": 0.044284051570082542,
  "c1": 0.018590045689770004,
  "c0": -11.881007903648468,
  "alpha": 4.2512590013353179E-13,
  "beta": 5.5625528852588824,
  "Vusv_step": 74.760232916313058,
  "V0": 34.682928962862277,
  "Vd": 9.4390249709055567,
  "Vusv_step_time": 30
}