{
  "Past_lv": 143.62483949336692,
  "Vast_lv": 277.71671541474745,
  "LVM": 197.40375769666414,
  "Vm": 243.27246516287789,
  "c3": -0.00080177101950290434,
  "c2": 0.011706977104013264,
  "c1": 0.55614727009582787,
  "c0": -16.065221620125094,
  "alpha": 1.3105771847289763E-12,
  "beta": 5.8207475774459843,
  "Vusv_step": 162.13372293990867,
  "V0": 31.189793716072938,
  "Vd": 8.4883615809565587,
  "Vusv_step_time": 30
}