{
  "Past_lv": 223.50190663597357,
  "Vast_lv": 230.38403491821092,
  "LVM": 256.12538001795309,
  "Vm": 233.40660649842232,
  "c3": -0.00029974190040182337,
  "c2": 0.0098222581367382947,
  "c1": 0.57959926884997592,
  "c0": -15.136701228827732,
  "alpha": 2.0052406907963673E-12,
  "beta": 5.6348177783813265,
  "Vusv_step": 8.0772682509478084,
  "V0": 40.467810042836589,
  "Vd": 11.013391340771982,
  "Vusv_step_time": 30
}