{
  "Past_lv": 127.26744171337272,
  "Vast_lv": 296.17798764263239,
  "LVM": 202.3945498399961,
  "Vm": 234.70940705009372,
  "c3": -0.00045485082015790949,
  "c2": 0.031611097434029442,
  "c1": 0.32769679760946718,
  "c0": -16.400137362595366,
  "alpha": 5.0332099523857885E-13,
  "beta": 5.5649589475239667,
  "Vusv_step": 96.984518555710707,
  "V0": 31.978338874719384,
  "Vd": 8.7029656431198319,
  "Vusv_step_time": 30
}