{
  "Past_lv": 138.74171544811449,
  "Vast_lv": 283.18219180284876,
  "LVM": 259.69815352150653,
  "Vm": 247.7817124645494,
  "c3": -0.00077198641676244856,
  "c2": 0.030489246188699363,
  "c1": 0.51502001849983325,
  "c0": -14.482860129484555,
  "alpha": 2.5659153432385366E-12,
  "beta": 5.545545020104802,
  "Vusv_step": 236.72468898339108,
  "V0": 41.032308256398039,
  "Vd": 11.167020601424781,
  "Vusv_step_time": 30
}