{
  "Past_lv": 154.74596113606583,
  "Vast_lv": 277.13342478201787,
  "LVM": 211.83907817598765,
  "Vm": 236.00150545052452,
  "c3": -0.00022214178028136927,
  "c2": 0.041606558663361833,
  "c1": 0.60757606718622836,
  "c0": -14.214409147617113,
  "alpha": 3.3332481220518135E-12,
  "beta": 5.4747477814167009,
  "Vusv_step": 283.358312971376,
  "V0": 33.47057435180605,
  "Vd": 9.10908036156747,
  "Vusv_step_time": 30
}