{
  "Past_lv": 171.69096357779441,
  "Vast_lv": 255.70775123280254,
  "LVM": 212.26565134754358,
  "Vm": 243.35645399769928,
  "c3": -0.00039545849634528021,
  "c2": 0.012799265489401135,
  "c1": 0.55077855067382275,
  "c0": -15.755122969952243,
  "alpha": 1.4831868589648935E-12,
  "beta": 5.8669728004794335,
  "Vusv_step": 248.8418849972781,
  "V0": 33.53797291291189,
  "Vd": 9.1274230079443743,
  "Vusv_step_time": 30
}