{
  "Past_lv": 220.90983967854982,
  "Vast_lv": 233.10019699763328,
  "LVM": 278.38662280238839,
  "Vm": 233.00330336818237,
  "c3": -0.00095671275923231869,
  "c2": 0.039884512959921258,
  "c1": 0.46048834759940288,
  "c0": -15.772218257873284,
  "alpha": 3.3047764863855954E-12,
  "beta": 5.77230498704364,
  "Vusv_step": 158.98472406764529,
  "V0": 43.98508640277737,
  "Vd": 11.970624780502702,
  "Vusv_step_time": 30
}