{
  "Past_lv": 149.39088887876255,
  "Vast_lv": 202.99929621007271,
  "LVM": 211.47088961282219,
  "Vm": 235.81545405369263,
  "c3": -0.00020487034385625533,
  "c2": 0.013234932727500343,
  "c1": 0.080244435236858216,
  "c0": -12.154130566688774,
  "alpha": 1.3045715227115112E-12,
  "beta": 5.6935789935577041,
  "Vusv_step": 62.547453635893355,
  "V0": 33.412400558825908,
  "Vd": 9.093248253351355,
  "Vusv_step_time": 30
}