{
  "Past_lv": 191.79392161722922,
  "Vast_lv": 192.10813047233864,
  "LVM": 205.51351543986505,
  "Vm": 238.00017323403276,
  "c3": -0.0008483106557266324,
  "c2": 0.027752870669823983,
  "c1": 0.49766355289805286,
  "c0": -14.769928204606057,
  "alpha": 2.9781930279504272E-12,
  "beta": 5.535237427275602,
  "Vusv_step": 161.09837699972525,
  "V0": 32.471135439498681,
  "Vd": 8.8370811639141973,
  "Vusv_step_time": 30
}