{
  "Past_lv": 212.26183994464341,
  "Vast_lv": 218.74007997459785,
  "LVM": 235.71916699025115,
  "Vm": 231.10847662151124,
  "c3": -0.000503652945406587,
  "c2": 0.018664694378035661,
  "c1": 0.34397243727179061,
  "c0": -15.802217276752145,
  "alpha": 3.0422755243730876E-12,
  "beta": 5.7668524661468306,
  "Vusv_step": 3.0317833180772613,
  "V0": 37.243628384459683,
  "Vd": 10.1359241805808,
  "Vusv_step_time": 30
}