{
  "Past_lv": 228.12119161302581,
  "Vast_lv": 203.23130605464632,
  "LVM": 242.85648606908339,
  "Vm": 231.38276079278771,
  "c3": -0.00035637010090800207,
  "c2": 0.013642305269661426,
  "c1": 0.089592199226905422,
  "c0": -13.636480840440559,
  "alpha": 4.0226412616132012E-12,
  "beta": 5.7627159343480852,
  "Vusv_step": 147.2742088556584,
  "V0": 38.371324798915175,
  "Vd": 10.442828900970586,
  "Vusv_step_time": 30
}