{
  "Past_lv": 196.63797072538679,
  "Vast_lv": 189.62243197950338,
  "LVM": 297.73347011989364,
  "Vm": 237.32878982677136,
  "c3": -0.00090051122867199334,
  "c2": 0.012832834758347553,
  "c1": 0.56009177455503656,
  "c0": -12.571650632821362,
  "alpha": 1.8788919684247609E-12,
  "beta": 5.7412336994268918,
  "Vusv_step": 113.3030781730473,
  "V0": 47.0418882789432,
  "Vd": 12.802539215155425,
  "Vusv_step_time": 30
}