{
  "Past_lv": 208.54819087765566,
  "Vast_lv": 203.35253415598237,
  "LVM": 225.72140798745397,
  "Vm": 239.44502182010464,
  "c3": -0.00084849931566556374,
  "c2": 0.024710064968448815,
  "c1": 0.55366937547835338,
  "c0": -15.294890548842746,
  "alpha": 9.97568053211136E-13,
  "beta": 5.4907582521742393,
  "Vusv_step": 208.70710121303736,
  "V0": 35.663982462017728,
  "Vd": 9.70602054346052,
  "Vusv_step_time": 30
}