{
  "Past_lv": 189.20961963330808,
  "Vast_lv": 198.56439838607443,
  "LVM": 266.30027398684103,
  "Vm": 248.98967487459734,
  "c3": -0.0010619530912750108,
  "c2": 0.00081229135370564087,
  "c1": 0.33717404397126249,
  "c0": -15.116048264368581,
  "alpha": 1.0317050890536563E-12,
  "beta": 5.5094523246538243,
  "Vusv_step": 185.54609068564233,
  "V0": 42.075443289920884,
  "Vd": 11.450911781434163,
  "Vusv_step_time": 30
}