{
  "Past_lv": 153.58634165625597,
  "Vast_lv": 294.53592549978794,
  "LVM": 290.67548080926906,
  "Vm": 248.22262806699015,
  "c3": -0.00064072879705665963,
  "c2": -0.001341754726740238,
  "c1": 0.010985501385347788,
  "c0": -16.643981636103831,
  "alpha": 2.218312579705324E-12,
  "beta": 5.808919258302943,
  "Vusv_step": 91.770091861043085,
  "V0": 45.926725967864513,
  "Vd": 12.49904567479857,
  "Vusv_step_time": 30
}