{
  "Past_lv": 166.17027076145561,
  "Vast_lv": 188.96004705946595,
  "LVM": 241.40701191395308,
  "Vm": 236.15976642306941,
  "c3": -0.000715286026772612,
  "c2": 0.0061390571164420746,
  "c1": 0.54597992287793,
  "c0": -12.050182631855801,
  "alpha": 4.1786410249265783E-13,
  "beta": 5.8007511616692593,
  "Vusv_step": 150.15434331698495,
  "V0": 38.142307882404587,
  "Vd": 10.380501512299981,
  "Vusv_step_time": 30
}