{
  "Past_lv": 174.04436920379038,
  "Vast_lv": 265.05378033151572,
  "LVM": 251.71916701025177,
  "Vm": 246.42202286393936,
  "c3": -0.00062188458753103409,
  "c2": 0.022537547250232923,
  "c1": 0.2857864333293399,
  "c0": -12.921585482337763,
  "alpha": 2.998889970228726E-12,
  "beta": 5.6619242219111952,
  "Vusv_step": 62.219072601033396,
  "V0": 39.771628387619778,
  "Vd": 10.823924181440825,
  "Vusv_step_time": 30
}