{
  "Past_lv": 257.06870993319637,
  "Vast_lv": 181.57464076079677,
  "LVM": 187.52344641924728,
  "Vm": 234.20609555445918,
  "c3": -0.00012609366467919848,
  "c2": 0.039090087607412283,
  "c1": 0.338570934613345,
  "c0": -14.031305603443927,
  "alpha": 3.2420119576005456E-12,
  "beta": 5.4796717664440671,
  "Vusv_step": 27.66044656811366,
  "V0": 29.62870453424107,
  "Vd": 8.0635081960276338,
  "Vusv_step_time": 30
}