{
  "Past_lv": 244.35630614737494,
  "Vast_lv": 250.48625890711247,
  "LVM": 210.7900495151415,
  "Vm": 232.59240435484725,
  "c3": -0.00012769388569970445,
  "c2": 0.0048074644178370193,
  "c1": 0.13654761076013874,
  "c0": -12.393098843335688,
  "alpha": 1.4687577346043959E-12,
  "beta": 5.6025651395607987,
  "Vusv_step": 296.18164773743547,
  "V0": 33.304827823392358,
  "Vd": 9.0639721291510842,
  "Vusv_step_time": 30
}