{
  "Past_lv": 130.83105941280166,
  "Vast_lv": 185.66874484461562,
  "LVM": 253.8434576990214,
  "Vm": 240.4742761649685,
  "c3": -8.3548800022701427E-5,
  "c2": 0.01240424940324477,
  "c1": 0.03634100436492009,
  "c0": -14.321518398305262,
  "alpha": 3.6358768915583556E-12,
  "beta": 5.5612961535907521,
  "Vusv_step": 204.79204006069543,
  "V0": 40.107266316445383,
  "Vd": 10.915268681057919,
  "Vusv_step_time": 30
}