{
  "Past_lv": 145.57898024937597,
  "Vast_lv": 175.815729875379,
  "LVM": 244.6993030199161,
  "Vm": 242.86254408308079,
  "c3": -5.4788142791966027E-5,
  "c2": 0.022832230783349634,
  "c1": 0.196199197774595,
  "c0": -13.662563050671375,
  "alpha": 4.0542048579839794E-12,
  "beta": 5.43557175202895,
  "Vusv_step": 210.2363100465401,
  "V0": 38.662489877146747,
  "Vd": 10.522070029856392,
  "Vusv_step_time": 30
}