{
  "Past_lv": 170.96245280484214,
  "Vast_lv": 240.51424772062893,
  "LVM": 270.7512563057083,
  "Vm": 234.01627497800712,
  "c3": -0.0004292427684476571,
  "c2": 0.028612443935814979,
  "c1": 0.28144817174242415,
  "c0": -12.738585156524065,
  "alpha": 3.1013431483245513E-12,
  "beta": 5.7030530838972142,
  "Vusv_step": 181.17128709161861,
  "V0": 42.778698496301914,
  "Vd": 11.642304021145456,
  "Vusv_step_time": 30
}