{
  "Past_lv": 181.17531241225458,
  "Vast_lv": 203.76404995938574,
  "LVM": 187.45395132740867,
  "Vm": 245.3143707360245,
  "c3": -0.00020304798455745405,
  "c2": 0.014181109250185318,
  "c1": 0.30090340808906824,
  "c0": -16.137056653778462,
  "alpha": 1.8120965806988515E-12,
  "beta": 5.499877863427006,
  "Vusv_step": 193.34426982352113,
  "V0": 29.617724309730569,
  "Vd": 8.0605199070785734,
  "Vusv_step_time": 30
}