{
  "Past_lv": 142.27051720286747,
  "Vast_lv": 191.90491424615823,
  "LVM": 196.34293128935917,
  "Vm": 239.84958344991125,
  "c3": -0.00072462372756182825,
  "c2": 0.017382347392084989,
  "c1": 0.53792268586523639,
  "c0": -15.981419560672116,
  "alpha": 6.9261261565042774E-13,
  "beta": 5.5177180792971452,
  "Vusv_step": 141.74540102626671,
  "V0": 31.022183143718749,
  "Vd": 8.4427460454424441,
  "Vusv_step_time": 30
}