{
  "Past_lv": 246.63954430744781,
  "Vast_lv": 216.04490009472215,
  "LVM": 225.19781977724736,
  "Vm": 236.76125309140511,
  "c3": -0.00055258460571510465,
  "c2": 0.024922623620933546,
  "c1": 0.49945774195617221,
  "c0": -12.669092344196265,
  "alpha": 7.9317532863724582E-13,
  "beta": 5.8201836855915143,
  "Vusv_step": 165.14627601087383,
  "V0": 35.58125552480508,
  "Vd": 9.6835062504216367,
  "Vusv_step_time": 30
}