{
  "Past_lv": 128.16313182559716,
  "Vast_lv": 191.63420748131043,
  "LVM": 248.14469959593046,
  "Vm": 245.71609179134404,
  "c3": -0.00038724508778512827,
  "c2": 0.019429123980148198,
  "c1": 0.45209469652886181,
  "c0": -16.567546821772297,
  "alpha": 3.9529299791094331E-12,
  "beta": 5.721641657116824,
  "Vusv_step": 100.95731792688625,
  "V0": 39.206862536157011,
  "Vd": 10.67022208262501,
  "Vusv_step_time": 30
}