{
  "Past_lv": 135.49612131851774,
  "Vast_lv": 178.619521715902,
  "LVM": 269.26528596107715,
  "Vm": 241.03084443048482,
  "c3": -0.00076331803004726245,
  "c2": 0.0044726777274472634,
  "c1": 0.5070883551030112,
  "c0": -16.384543371098488,
  "alpha": 1.7732794850246438E-12,
  "beta": 5.4593236278615072,
  "Vusv_step": 195.24695666591754,
  "V0": 42.543915181850188,
  "Vd": 11.578407296326318,
  "Vusv_step_time": 30
}