{
  "Past_lv": 231.83486739442333,
  "Vast_lv": 246.83816318732846,
  "LVM": 205.22383991402756,
  "Vm": 236.83722212791633,
  "c3": -0.00096971697206170481,
  "c2": 0.021705521128073158,
  "c1": 0.32404218568588489,
  "c0": -15.230303834924486,
  "alpha": 3.2058361411461223E-12,
  "beta": 5.6971774972907179,
  "Vusv_step": 241.46762289045549,
  "V0": 32.425366706416355,
  "Vd": 8.824625116303185,
  "Vusv_step_time": 30
}