{
  "Past_lv": 267.79541837756585,
  "Vast_lv": 250.83290212946835,
  "LVM": 237.76487428490077,
  "Vm": 247.72751435227158,
  "c3": -0.00075503356300168965,
  "c2": 0.027445993868396128,
  "c1": 0.1394929543632199,
  "c0": -12.612830635605718,
  "alpha": 2.072631935546914E-12,
  "beta": 5.5661165326490858,
  "Vusv_step": 165.60352187531967,
  "V0": 37.56685013701432,
  "Vd": 10.223889594250732,
  "Vusv_step_time": 30
}