{
  "Past_lv": 232.50909599549075,
  "Vast_lv": 235.69243807455206,
  "LVM": 296.90709140499905,
  "Vm": 245.73854768439696,
  "c3": -0.00081594142860164824,
  "c2": 0.02145042909542574,
  "c1": 0.30379127324096528,
  "c0": -16.514349524506784,
  "alpha": 1.9066994994064091E-12,
  "beta": 5.4515933321186445,
  "Vusv_step": 121.9315170816557,
  "V0": 46.911320441989858,
  "Vd": 12.767004930414959,
  "Vusv_step_time": 30
}