{
  "Past_lv": 231.41377282385338,
  "Vast_lv": 212.90777886034243,
  "LVM": 240.72744375228834,
  "Vm": 230.52368641691822,
  "c3": -0.0010226849527242864,
  "c2": 0.038016651755110667,
  "c1": 0.51321486765557256,
  "c0": -15.690295775632071,
  "alpha": 3.9005053181710417E-12,
  "beta": 5.5735113793528619,
  "Vusv_step": 139.70975586614455,
  "V0": 38.034936112861558,
  "Vd": 10.351280081348397,
  "Vusv_step_time": 30
}