{
  "Past_lv": 188.3033904599433,
  "Vast_lv": 281.91724172479923,
  "LVM": 263.297876175047,
  "Vm": 231.70048557561941,
  "c3": -0.00056006892449359956,
  "c2": 0.013968679841487509,
  "c1": 0.40159753145352095,
  "c0": -15.328096739005707,
  "alpha": 3.8812178233535558E-12,
  "beta": 5.8404968868782188,
  "Vusv_step": 155.69668931805566,
  "V0": 41.601064435657428,
  "Vd": 11.32180867552702,
  "Vusv_step_time": 30
}