{
  "Past_lv": 167.54131499967752,
  "Vast_lv": 273.54556895020596,
  "LVM": 213.84845020027345,
  "Vm": 239.4232024542228,
  "c3": -0.0009406828998364924,
  "c2": 0.029979045489750722,
  "c1": 0.24077581562094408,
  "c0": -11.680531875983451,
  "alpha": 3.1752572682380226E-12,
  "beta": 5.6116083139068653,
  "Vusv_step": 32.304873520270945,
  "V0": 33.788055131643205,
  "Vd": 9.1954833586117584,
  "Vusv_step_time": 30
}