{
  "Past_lv": 229.43408893690983,
  "Vast_lv": 230.8008803944835,
  "LVM": 177.77186191748038,
  "Vm": 244.38309843514381,
  "c3": -0.00096375126414563472,
  "c2": -0.00048696216974849355,
  "c1": 0.2175294269162095,
  "c0": -14.28789940872193,
  "alpha": 4.8969745928279407E-13,
  "beta": 5.7716841551930154,
  "Vusv_step": 286.0518613194406,
  "V0": 28.0879541829619,
  "Vd": 7.6441900624516563,
  "Vusv_step_time": 30
}