{
  "Past_lv": 233.95213535136034,
  "Vast_lv": 243.10180077728154,
  "LVM": 191.91916214550125,
  "Vm": 244.03339624646858,
  "c3": -0.00021963515231842917,
  "c2": 0.027047841264668072,
  "c1": 0.33002125820249717,
  "c0": -14.048130640482636,
  "alpha": 1.27766898541537E-12,
  "beta": 5.5056862967270241,
  "Vusv_step": 73.475549263472473,
  "V0": 30.3232276189892,
  "Vd": 8.2525239722565527,
  "Vusv_step_time": 30
}