{
  "Past_lv": 218.76488082885197,
  "Vast_lv": 284.89562861036131,
  "LVM": 194.54481460357607,
  "Vm": 245.53532177127073,
  "c3": -0.00098793325071698523,
  "c2": 0.02386404107643357,
  "c1": 0.57272961251086474,
  "c0": -14.075121858111331,
  "alpha": 1.0630695707960108E-12,
  "beta": 5.5225576828455178,
  "Vusv_step": 1.2486452012910523,
  "V0": 30.738080707365022,
  "Vd": 8.3654270279537712,
  "Vusv_step_time": 30
}