{
  "Past_lv": 173.95639887682981,
  "Vast_lv": 217.98213490578976,
  "LVM": 200.06882946209248,
  "Vm": 238.33325479694449,
  "c3": -0.00098198890675179869,
  "c2": 0.0042483352820745987,
  "c1": 0.43341671482891836,
  "c0": -12.723841810311487,
  "alpha": 1.5566255509828794E-12,
  "beta": 5.5561512628102179,
  "Vusv_step": 228.86225919114244,
  "V0": 31.610875055010617,
  "Vd": 8.6029596668699764,
  "Vusv_step_time": 30
}