{
  "Past_lv": 126.68463579236887,
  "Vast_lv": 183.3105313056069,
  "LVM": 208.33895902250512,
  "Vm": 243.76421277254676,
  "c3": -0.00099368707455465156,
  "c2": 0.025885656230707602,
  "c1": 0.37303094030810036,
  "c0": -12.222279025365024,
  "alpha": 2.3226005501178071E-12,
  "beta": 5.4777069038247941,
  "Vusv_step": 260.11635278933886,
  "V0": 32.917555525555812,
  "Vd": 8.95857523796772,
  "Vusv_step_time": 30
}