{
  "Past_lv": 233.51063485911777,
  "Vast_lv": 269.404220508786,
  "LVM": 185.82783259822733,
  "Vm": 231.4423586323465,
  "c3": -0.00056755105032892832,
  "c2": 0.025547824058984051,
  "c1": 0.46633134252252378,
  "c0": -14.097062962026206,
  "alpha": 3.9323808018984869E-12,
  "beta": 5.5204314960346359,
  "Vusv_step": 44.775014610665252,
  "V0": 29.360797550519919,
  "Vd": 7.9905968017237754,
  "Vusv_step_time": 30
}