{
  "Past_lv": 227.5347990826493,
  "Vast_lv": 202.28381124581679,
  "LVM": 268.6123085722345,
  "Vm": 242.17780193487204,
  "c3": -0.00033813778379067892,
  "c2": 0.026316442275725639,
  "c1": 0.11532687481278622,
  "c0": -12.749001613653947,
  "alpha": 3.5057083611476775E-12,
  "beta": 5.527505198751812,
  "Vusv_step": 263.68460669655423,
  "V0": 42.440744754413053,
  "Vd": 11.550329268606083,
  "Vusv_step_time": 30
}