{
  "Past_lv": 208.92590786396687,
  "Vast_lv": 286.16039746917454,
  "LVM": 299.1222388416835,
  "Vm": 246.98642386818992,
  "c3": -0.00021774119421611826,
  "c2": 0.041102066132467328,
  "c1": 0.26804751044215769,
  "c0": -13.651718641816892,
  "alpha": 1.7993729245061299E-12,
  "beta": 5.43144185970877,
  "Vusv_step": 152.32987919806422,
  "V0": 47.261313736986,
  "Vd": 12.86225627019239,
  "Vusv_step_time": 30
}