{
  "Past_lv": 224.33532190577461,
  "Vast_lv": 255.97578548505888,
  "LVM": 205.29068274630922,
  "Vm": 230.26759608322462,
  "c3": -0.00015452943882626876,
  "c2": 0.0017853285027748383,
  "c1": 0.17769632955878639,
  "c0": -14.930033557147322,
  "alpha": 2.1817241372440281E-12,
  "beta": 5.7314501905013238,
  "Vusv_step": 26.49210789830035,
  "V0": 32.43592787391686,
  "Vd": 8.8274993580912966,
  "Vusv_step_time": 30
}