{
  "Past_lv": 202.00930652254635,
  "Vast_lv": 224.6143870076441,
  "LVM": 237.00083012433367,
  "Vm": 237.518364670518,
  "c3": -0.0003500708126330229,
  "c2": 0.036643784508855831,
  "c1": 0.36473024994250591,
  "c0": -16.583129151323426,
  "alpha": 3.5960303421672016E-12,
  "beta": 5.4529219502656039,
  "Vusv_step": 112.082488618987,
  "V0": 37.446131159644722,
  "Vd": 10.191035695346347,
  "Vusv_step_time": 30
}