{
  "Past_lv": 236.31523633667382,
  "Vast_lv": 292.70499592112913,
  "LVM": 204.39189530234054,
  "Vm": 231.82473853766288,
  "c3": -0.0001912563058571623,
  "c2": 0.028905004497933966,
  "c1": 0.27632573708621944,
  "c0": -13.865174570893775,
  "alpha": 4.0939795674163706E-12,
  "beta": 5.5450985095689127,
  "Vusv_step": 276.45813080192903,
  "V0": 32.29391945776981,
  "Vd": 8.7888514980006427,
  "Vusv_step_time": 30
}