{
  "Past_lv": 190.67189798062702,
  "Vast_lv": 254.51154358437816,
  "LVM": 199.81915679636973,
  "Vm": 244.56069845577267,
  "c3": -0.00021279084180825323,
  "c2": 0.00113901979959221,
  "c1": 0.16641622310962514,
  "c0": -16.0027898778451,
  "alpha": 3.293804219328594E-12,
  "beta": 5.8021830673436261,
  "Vusv_step": 42.3718311584774,
  "V0": 31.57142677382642,
  "Vd": 8.5922237422438972,
  "Vusv_step_time": 30
}