{
  "Past_lv": 197.01891699877359,
  "Vast_lv": 227.71096087650545,
  "LVM": 191.22836448955604,
  "Vm": 231.31141946819267,
  "c3": -0.00078175387167929487,
  "c2": 0.019888336893084019,
  "c1": 0.54781138585406142,
  "c0": -16.52565166650653,
  "alpha": 1.1656873792446714E-12,
  "beta": 5.5425036220221617,
  "Vusv_step": 216.54648901708433,
  "V0": 30.214081589349856,
  "Vd": 8.2228196730509087,
  "Vusv_step_time": 30
}