{
  "Past_lv": 204.00429611849847,
  "Vast_lv": 229.06425559064326,
  "LVM": 238.20624068904363,
  "Vm": 246.21901368846213,
  "c3": -0.00015598733973885327,
  "c2": 0.033285383003615089,
  "c1": 0.20156321209777323,
  "c0": -13.552882265978132,
  "alpha": 1.7584206772702978E-12,
  "beta": 5.6225201919866,
  "Vusv_step": 56.27285336909,
  "V0": 37.6365860288689,
  "Vd": 10.242868349628875,
  "Vusv_step_time": 30
}