{
  "Past_lv": 145.49652007021476,
  "Vast_lv": 262.31033534942765,
  "LVM": 223.8075241860941,
  "Vm": 243.45774831467227,
  "c3": -0.00034811396973191992,
  "c2": 0.023591531487440674,
  "c1": 0.55225423642580851,
  "c0": -12.180954991804148,
  "alpha": 8.0663071351122605E-13,
  "beta": 5.64182806964874,
  "Vusv_step": 201.47658092414656,
  "V0": 35.361588821402869,
  "Vd": 9.6237235400020467,
  "Vusv_step_time": 30
}