{
  "Past_lv": 185.5390375757587,
  "Vast_lv": 247.42717753388661,
  "LVM": 265.70730949505429,
  "Vm": 238.59417548587916,
  "c3": -0.0005909727851413013,
  "c2": 0.041843314564728562,
  "c1": 0.22963425967590528,
  "c0": -11.772239430730787,
  "alpha": 6.1501938455833813E-13,
  "beta": 5.4206982141830045,
  "Vusv_step": 40.820562730518716,
  "V0": 41.981754900218576,
  "Vd": 11.425414308287333,
  "Vusv_step_time": 30
}