{
  "Past_lv": 127.92562822297349,
  "Vast_lv": 207.72497910540588,
  "LVM": 239.04424138074793,
  "Vm": 244.31778540965988,
  "c3": -0.00029446925631807126,
  "c2": -0.00078001259254824318,
  "c1": 0.094002051931234121,
  "c0": -12.407872639726063,
  "alpha": 2.8915517123446455E-12,
  "beta": 5.4281161350055713,
  "Vusv_step": 29.790691419101748,
  "V0": 37.768990138158173,
  "Vd": 10.278902379372163,
  "Vusv_step_time": 30
}