{
  "Past_lv": 241.70761480219505,
  "Vast_lv": 232.93836591457242,
  "LVM": 256.30380774978261,
  "Vm": 241.09571757759912,
  "c3": -0.00065087394960247082,
  "c2": -0.0015369255266453538,
  "c1": 0.287886430034521,
  "c0": -15.612888006719622,
  "alpha": 1.2081411564578778E-12,
  "beta": 5.752298818184638,
  "Vusv_step": 83.520153752904989,
  "V0": 40.496001624465656,
  "Vd": 11.02106373324065,
  "Vusv_step_time": 30
}