{
  "Past_lv": 147.84183923244467,
  "Vast_lv": 199.46723596965495,
  "LVM": 203.23788520929855,
  "Vm": 240.28073585881776,
  "c3": -0.0010660632162704639,
  "c2": 0.026005615170707645,
  "c1": 0.21296900960911783,
  "c0": -13.623122434087811,
  "alpha": 2.9054686739271348E-12,
  "beta": 5.6264716688067944,
  "Vusv_step": 279.61092086214217,
  "V0": 32.111585863069173,
  "Vd": 8.7392290639998365,
  "Vusv_step_time": 30
}