{
  "Past_lv": 238.08782509326011,
  "Vast_lv": 262.18478628973787,
  "LVM": 184.37579930305981,
  "Vm": 241.94593404034461,
  "c3": -0.00085776647332880512,
  "c2": 0.025657762686033533,
  "c1": 0.1530251659948233,
  "c0": -12.877822993167438,
  "alpha": 4.0312014669413844E-13,
  "beta": 5.816913780197992,
  "Vusv_step": 137.73783759594571,
  "V0": 29.131376289883452,
  "Vd": 7.9281593700315716,
  "Vusv_step_time": 30
}