{
  "Past_lv": 120.18814779360028,
  "Vast_lv": 226.82634120883415,
  "LVM": 179.13460467223268,
  "Vm": 231.27857344480867,
  "c3": -0.00080398843357341323,
  "c2": 0.0066814918490759254,
  "c1": 0.011648438856461321,
  "c0": -13.942264953050383,
  "alpha": 1.6347255225652497E-12,
  "beta": 5.6390078403940613,
  "Vusv_step": 199.87672558774912,
  "V0": 28.303267538212769,
  "Vd": 7.702788000906005,
  "Vusv_step_time": 30
}