{
  "Past_lv": 245.20006563539368,
  "Vast_lv": 294.36554193285343,
  "LVM": 228.92331065904358,
  "Vm": 234.14859538885972,
  "c3": -0.00066596058735780817,
  "c2": 0.011956693900182336,
  "c1": 0.14577710696251933,
  "c0": -14.711263873400071,
  "alpha": 3.3166816819477219E-12,
  "beta": 5.8633604071698429,
  "Vusv_step": 246.26155435278585,
  "V0": 36.169883084128884,
  "Vd": 9.8437023583388736,
  "Vusv_step_time": 30
}