{
  "Past_lv": 171.05191206521789,
  "Vast_lv": 244.41702784953611,
  "LVM": 243.56848702166846,
  "Vm": 238.28550110523892,
  "c3": -0.0008788170732145985,
  "c2": 0.00025671995971036227,
  "c1": 0.37555442026928221,
  "c0": -14.584355201756317,
  "alpha": 3.5769875075032421E-12,
  "beta": 5.588128115005027,
  "Vusv_step": 171.21829217648244,
  "V0": 38.483820949423617,
  "Vd": 10.473444941931744,
  "Vusv_step_time": 30
}