{
  "Past_lv": 134.15389760465274,
  "Vast_lv": 204.74161790315065,
  "LVM": 233.1808495290293,
  "Vm": 242.02928335158521,
  "c3": -0.00088812332824608894,
  "c2": 0.0014242366630437125,
  "c1": 0.22336896453318167,
  "c0": -13.418187497838211,
  "alpha": 3.5390188797507452E-12,
  "beta": 5.6677616307498528,
  "Vusv_step": 186.07428772946685,
  "V0": 36.842574225586631,
  "Vd": 10.026776529748259,
  "Vusv_step_time": 30
}