{
  "Past_lv": 259.69859394123273,
  "Vast_lv": 283.6260923790561,
  "LVM": 252.67842053604824,
  "Vm": 234.47558878721472,
  "c3": -0.0004819679300845553,
  "c2": 0.016286894759345111,
  "c1": 0.23645076988544064,
  "c0": -12.7612768117689,
  "alpha": 2.9109902775771152E-12,
  "beta": 5.7002504317965892,
  "Vusv_step": 282.21122654081671,
  "V0": 39.923190444695621,
  "Vd": 10.865172083050075,
  "Vusv_step_time": 30
}