{
  "Past_lv": 238.95433963078162,
  "Vast_lv": 276.81614608802948,
  "LVM": 176.77764610599468,
  "Vm": 235.60840494960937,
  "c3": -0.00091485712648847392,
  "c2": 0.043172425079150978,
  "c1": 0.25168228965231421,
  "c0": -15.699484027560853,
  "alpha": 3.2711530236809454E-13,
  "beta": 5.5021093565840031,
  "Vusv_step": 135.44381119226205,
  "V0": 27.930868084747161,
  "Vd": 7.6014387825577705,
  "Vusv_step_time": 30
}