{
  "Past_lv": 235.32193982451591,
  "Vast_lv": 278.35375289241347,
  "LVM": 223.21071796226636,
  "Vm": 247.58819075263943,
  "c3": -0.00083507407914093534,
  "c2": 0.0360194019350634,
  "c1": 0.0972323162866971,
  "c0": -12.085497234164364,
  "alpha": 3.4082571821635382E-12,
  "beta": 5.6185590033032353,
  "Vusv_step": 116.99886790776164,
  "V0": 35.267293438038088,
  "Vd": 9.5980608723774523,
  "Vusv_step_time": 30
}