{
  "Past_lv": 240.1069804997054,
  "Vast_lv": 218.94798095428018,
  "LVM": 279.90418555348265,
  "Vm": 247.8700020279118,
  "c3": -0.00071298315610569688,
  "c2": 0.038553274053485319,
  "c1": 0.31618704505066292,
  "c0": -12.600770304408506,
  "alpha": 4.9817535596911861E-13,
  "beta": 5.785553414588203,
  "Vusv_step": 23.207695788996411,
  "V0": 44.224861317450262,
  "Vd": 12.035879978799754,
  "Vusv_step_time": 30
}