{
  "Past_lv": 140.5585069746395,
  "Vast_lv": 204.35988592332919,
  "LVM": 273.98757357665841,
  "Vm": 232.89838140085402,
  "c3": -0.00038410076331021545,
  "c2": 0.034329858176165226,
  "c1": 0.11959347829929562,
  "c0": -13.969622861753706,
  "alpha": 2.491402663983714E-12,
  "beta": 5.4392868921298705,
  "Vusv_step": 118.8484805382609,
  "V0": 43.290036625112037,
  "Vd": 11.781465663796311,
  "Vusv_step_time": 30
}