{
  "Past_lv": 246.18635648084194,
  "Vast_lv": 246.56925106407806,
  "LVM": 215.17252842832215,
  "Vm": 238.71279292699029,
  "c3": -0.0010702224679809433,
  "c2": 0.01839436656754154,
  "c1": 0.13571208200826035,
  "c0": -14.294881260126392,
  "alpha": 1.1474717790518658E-12,
  "beta": 5.8271949108545407,
  "Vusv_step": 181.95912091311129,
  "V0": 33.997259491674896,
  "Vd": 9.2524187224178522,
  "Vusv_step_time": 30
}