{
  "Past_lv": 150.49823702178216,
  "Vast_lv": 294.79030752200265,
  "LVM": 261.16938004698807,
  "Vm": 240.73165709703596,
  "c3": -0.00091886441967968253,
  "c2": -0.0030700356637770876,
  "c1": 0.26400625174243292,
  "c0": -16.544615650965177,
  "alpha": 1.1555084016888093E-12,
  "beta": 5.5279377666920482,
  "Vusv_step": 175.475831057738,
  "V0": 41.264762047424121,
  "Vd": 11.230283342020487,
  "Vusv_step_time": 30
}