{
  "Past_lv": 254.42587516217259,
  "Vast_lv": 222.61051273672763,
  "LVM": 271.4776433072347,
  "Vm": 239.13758054531581,
  "c3": -0.00036650809097574764,
  "c2": 0.02156945267601736,
  "c1": 0.43159497570525795,
  "c0": -14.3090024972878,
  "alpha": 2.7183284591972263E-12,
  "beta": 5.7057679700759669,
  "Vusv_step": 145.13765606009551,
  "V0": 42.893467642543079,
  "Vd": 11.673538662211092,
  "Vusv_step_time": 30
}