{
  "Past_lv": 234.60092013875283,
  "Vast_lv": 265.67636830005557,
  "LVM": 184.14534466367425,
  "Vm": 241.60040468630206,
  "c3": -0.00073168947728666591,
  "c2": 0.0016412390183997289,
  "c1": 0.10014405350344853,
  "c0": -11.955286796549348,
  "alpha": 3.8332106055888393E-12,
  "beta": 5.7224742657583594,
  "Vusv_step": 58.886692846982569,
  "V0": 29.094964456860534,
  "Vd": 7.9182498205379916,
  "Vusv_step_time": 30
}