{
  "Past_lv": 170.4420372744834,
  "Vast_lv": 216.25052539943613,
  "LVM": 294.3216969203126,
  "Vm": 241.7538710891082,
  "c3": -0.00073254611018003007,
  "c2": 0.0377403393999759,
  "c1": 0.531337677544063,
  "c0": -16.162789455500487,
  "alpha": 2.7359599762753105E-12,
  "beta": 5.7497516798189,
  "Vusv_step": 65.520237539457653,
  "V0": 46.502828113409393,
  "Vd": 12.655832967573442,
  "Vusv_step_time": 30
}