{
  "Past_lv": 130.06927744839032,
  "Vast_lv": 271.64362345000995,
  "LVM": 234.27932286412494,
  "Vm": 233.5765986963321,
  "c3": -0.0009238655001190942,
  "c2": 0.027622272939563746,
  "c1": 0.47772974580024558,
  "c0": -12.195584636836003,
  "alpha": 1.5769730635767784E-12,
  "beta": 5.713241305918392,
  "Vusv_step": 117.42608815491101,
  "V0": 37.016133012531739,
  "Vd": 10.074010883157372,
  "Vusv_step_time": 30
}