{
  "Past_lv": 133.31587847334893,
  "Vast_lv": 275.38183422825313,
  "LVM": 178.60977332223467,
  "Vm": 235.88529481904015,
  "c3": -0.0003331244347041922,
  "c2": 0.0040213344160716716,
  "c1": 0.25444339899422708,
  "c0": -13.671281335655635,
  "alpha": 2.6216688206225216E-12,
  "beta": 5.6057292747814946,
  "Vusv_step": 16.391587801498268,
  "V0": 28.220344184913078,
  "Vd": 7.680220252856091,
  "Vusv_step_time": 30
}