{
  "Past_lv": 121.0182324922617,
  "Vast_lv": 204.21721342273651,
  "LVM": 264.87560060359237,
  "Vm": 235.19256828882544,
  "c3": -0.00083124849244358865,
  "c2": 0.016978646021142428,
  "c1": 0.45641106585253433,
  "c0": -13.986142281315589,
  "alpha": 3.729777047612576E-12,
  "beta": 5.5250259324516975,
  "Vusv_step": 11.287565774036677,
  "V0": 41.8503448953676,
  "Vd": 11.389650825954472,
  "Vusv_step_time": 30
}