{
  "Past_lv": 122.49308844089506,
  "Vast_lv": 291.76373975465134,
  "LVM": 181.72408264684776,
  "Vm": 248.14345267192397,
  "c3": -0.00069866699859245473,
  "c2": 0.014542383233008244,
  "c1": 0.18257913711460641,
  "c0": -12.596424765544153,
  "alpha": 3.228837442286401E-12,
  "beta": 5.5422913744709925,
  "Vusv_step": 190.22623447065,
  "V0": 28.712405058201949,
  "Vd": 7.8141355538144532,
  "Vusv_step_time": 30
}