{
  "Past_lv": 173.58547178032381,
  "Vast_lv": 200.03555009400372,
  "LVM": 254.5494019472668,
  "Vm": 239.82496306085443,
  "c3": -0.00043803251800419627,
  "c2": 0.028353492038806806,
  "c1": 0.20826932645940055,
  "c0": -15.741789932156053,
  "alpha": 2.5150796542196882E-12,
  "beta": 5.6682692141921551,
  "Vusv_step": 121.42892692632665,
  "V0": 40.218805507668158,
  "Vd": 10.945624283732473,
  "Vusv_step_time": 30
}