{
  "Past_lv": 178.14081565024037,
  "Vast_lv": 241.42370487913183,
  "LVM": 210.72792289247596,
  "Vm": 244.11924751458673,
  "c3": -0.00015077431951574676,
  "c2": 0.0096706971042669829,
  "c1": 0.096408436693008553,
  "c0": -12.027387442542672,
  "alpha": 2.3519775598078244E-12,
  "beta": 5.7486956117572507,
  "Vusv_step": 277.79623534831546,
  "V0": 33.295011817011208,
  "Vd": 9.0613006843764659,
  "Vusv_step_time": 30
}