{
  "Past_lv": 223.17471003711842,
  "Vast_lv": 278.64580353592623,
  "LVM": 293.02797551223097,
  "Vm": 244.86336979955897,
  "c3": -0.00019942667495571182,
  "c2": 0.0089821608290775456,
  "c1": 0.17281466585423597,
  "c0": -12.205822350812564,
  "alpha": 1.0181447004381135E-12,
  "beta": 5.8578838478498678,
  "Vusv_step": 12.659966315798597,
  "V0": 46.298420130932492,
  "Vd": 12.600202947025929,
  "Vusv_step_time": 30
}