{
  "Past_lv": 264.639290005546,
  "Vast_lv": 226.06032500809835,
  "LVM": 188.39908134122874,
  "Vm": 231.87121482329439,
  "c3": -0.00070687958771783717,
  "c2": 0.018129554855892415,
  "c1": 0.18728907454379978,
  "c0": -14.181995036986102,
  "alpha": 1.9514495944272805E-12,
  "beta": 5.4944747172639667,
  "Vusv_step": 216.72553209930933,
  "V0": 29.767054851914139,
  "Vd": 8.1011604976728364,
  "Vusv_step_time": 30
}