{
  "Past_lv": 215.49748108231302,
  "Vast_lv": 208.67701958200888,
  "LVM": 264.69567514233381,
  "Vm": 239.06334779741852,
  "c3": -0.00014194315438605305,
  "c2": 0.022239213952668792,
  "c1": 0.44287820614161533,
  "c0": -14.209852903590543,
  "alpha": 1.3482697848427317E-12,
  "beta": 5.6362012963536694,
  "Vusv_step": 52.714011821739668,
  "V0": 41.82191667248874,
  "Vd": 11.381914031120353,
  "Vusv_step_time": 30
}