{
  "Past_lv": 257.2855735238108,
  "Vast_lv": 234.9745997532132,
  "LVM": 259.18936231110342,
  "Vm": 242.71225980986958,
  "c3": -0.00016172878305681208,
  "c2": 0.04123729544207054,
  "c1": 0.259964871304557,
  "c0": -13.997962029207201,
  "alpha": 3.6933155248832319E-12,
  "beta": 5.4983170376598771,
  "Vusv_step": 89.570222557213057,
  "V0": 40.951919245154343,
  "Vd": 11.145142579377445,
  "Vusv_step_time": 30
}