{
  "Past_lv": 136.36769022163134,
  "Vast_lv": 186.41956149326725,
  "LVM": 212.6820317253985,
  "Vm": 234.89698037993497,
  "c3": -0.0009851336397130434,
  "c2": 0.045204727590908662,
  "c1": 0.39649214843638447,
  "c0": -13.529415091075347,
  "alpha": 3.0624509271429663E-12,
  "beta": 5.8296286810865752,
  "Vusv_step": 75.381441370358729,
  "V0": 33.603761012612964,
  "Vd": 9.1453273641921342,
  "Vusv_step_time": 30
}