{
  "Past_lv": 150.23165936393971,
  "Vast_lv": 203.50846263891424,
  "LVM": 273.20970019617914,
  "Vm": 244.24377322105153,
  "c3": -7.8609015826476081E-5,
  "c2": 0.018571021771164833,
  "c1": 0.47659924571111806,
  "c0": -12.383243570120184,
  "alpha": 1.5404292981787205E-12,
  "beta": 5.704692240973456,
  "Vusv_step": 207.50807797990652,
  "V0": 43.1671326309963,
  "Vd": 11.748017108435702,
  "Vusv_step_time": 30
}