{
  "Past_lv": 184.99529157141055,
  "Vast_lv": 288.7736558515179,
  "LVM": 183.3226356176468,
  "Vm": 236.6199395861143,
  "c3": -0.00092715601296716385,
  "c2": 0.030624295764388874,
  "c1": 0.34275480823156851,
  "c0": -13.612987188616458,
  "alpha": 2.3012062573218113E-12,
  "beta": 5.4605081197152705,
  "Vusv_step": 148.69498311545726,
  "V0": 28.964976427588194,
  "Vd": 7.8828733315588124,
  "Vusv_step_time": 30
}