{
  "Past_lv": 226.17784455910217,
  "Vast_lv": 258.2056425469998,
  "LVM": 287.43721539442754,
  "Vm": 240.56431711090264,
  "c3": -0.00079755866934958278,
  "c2": 0.042585094637563776,
  "c1": 0.56107814646800425,
  "c0": -12.953541220904649,
  "alpha": 1.9308031708399888E-12,
  "beta": 5.7084058253879073,
  "Vusv_step": 106.87609694474808,
  "V0": 45.415080032319558,
  "Vd": 12.359800261960384,
  "Vusv_step_time": 30
}