{
  "Past_lv": 187.02595123056076,
  "Vast_lv": 210.99166727583844,
  "LVM": 267.5914831512913,
  "Vm": 241.37585205056953,
  "c3": -0.00047792382790465965,
  "c2": 0.024390989275073008,
  "c1": 0.075862621174040343,
  "c0": -15.095369206723397,
  "alpha": 5.1039407257809528E-13,
  "beta": 5.6002925710809164,
  "Vusv_step": 111.23976742479564,
  "V0": 42.279454337904028,
  "Vd": 11.506433775505524,
  "Vusv_step_time": 30
}