{
  "Past_lv": 248.80061171282671,
  "Vast_lv": 292.7866312033641,
  "LVM": 247.58961988038038,
  "Vm": 242.92350983189053,
  "c3": -0.00016581741913249104,
  "c2": 0.045239792336713706,
  "c1": 0.0054117014153592605,
  "c0": -14.493890626250852,
  "alpha": 6.8097582360051643E-13,
  "beta": 5.7565236641936135,
  "Vusv_step": 18.155260530833992,
  "V0": 39.1191599411001,
  "Vd": 10.646353654856357,
  "Vusv_step_time": 30
}