{
  "Past_lv": 151.03239089153527,
  "Vast_lv": 230.06205841319414,
  "LVM": 206.37493450513551,
  "Vm": 242.90752878576595,
  "c3": -0.0010912846488015666,
  "c2": -0.0033879605322340023,
  "c1": 0.56780760654552409,
  "c0": -14.902990501598776,
  "alpha": 7.2769690740601828E-13,
  "beta": 5.4632209169757733,
  "Vusv_step": 36.914210153682063,
  "V0": 32.607239651811412,
  "Vd": 8.8741221837208268,
  "Vusv_step_time": 30
}