{
  "Past_lv": 245.72413838426641,
  "Vast_lv": 233.96943912351782,
  "LVM": 243.87407231813643,
  "Vm": 246.78570188963832,
  "c3": -0.00077550683615895449,
  "c2": 0.0087734629864856736,
  "c1": 0.11682124443130198,
  "c0": -14.667064292235516,
  "alpha": 2.0319097529968481E-12,
  "beta": 5.8530595207701506,
  "Vusv_step": 164.52443701881123,
  "V0": 38.532103426265557,
  "Vd": 10.486585109679865,
  "Vusv_step_time": 30
}