{
  "Past_lv": 179.79412911817806,
  "Vast_lv": 223.69035478326649,
  "LVM": 195.02573033390345,
  "Vm": 249.81225462866627,
  "c3": -8.7281751795175192E-5,
  "c2": 0.0063985172024569673,
  "c1": 0.41126170325209987,
  "c0": -15.392662488698424,
  "alpha": 7.2114716633492E-13,
  "beta": 5.7945165583901144,
  "Vusv_step": 261.64329022503267,
  "V0": 30.814065392756746,
  "Vd": 8.3861064043578484,
  "Vusv_step_time": 30
}