{
  "Past_lv": 194.0980833411038,
  "Vast_lv": 183.7783639549782,
  "LVM": 250.93565342031576,
  "Vm": 241.40222284307225,
  "c3": -0.00092516022172553438,
  "c2": 0.015112377470591132,
  "c1": 0.02453592955669312,
  "c0": -14.39648847377283,
  "alpha": 1.1161170168906749E-12,
  "beta": 5.7437305982296492,
  "Vusv_step": 170.96918119597109,
  "V0": 39.647833240409888,
  "Vd": 10.790233097073576,
  "Vusv_step_time": 30
}