{
  "Past_lv": 171.33013013854949,
  "Vast_lv": 270.94968309117581,
  "LVM": 213.32668740874243,
  "Vm": 235.2640710791442,
  "c3": -0.00098683510026655237,
  "c2": 0.037326281144302094,
  "c1": 0.5898119585338375,
  "c0": -14.984924031468402,
  "alpha": 5.5542973685638405E-13,
  "beta": 5.6635770208667253,
  "Vusv_step": 246.96317819744746,
  "V0": 33.7056166105813,
  "Vd": 9.1730475585759237,
  "Vusv_step_time": 30
}