{
  "Past_lv": 167.04386528006802,
  "Vast_lv": 290.95332302992119,
  "LVM": 284.39088127516612,
  "Vm": 232.5473556137527,
  "c3": -0.00012087930070246397,
  "c2": 0.02545367900525931,
  "c1": 0.41264291350833054,
  "c0": -13.947820575168482,
  "alpha": 1.7698273178860258E-12,
  "beta": 5.5778087392428288,
  "Vusv_step": 280.86999794087973,
  "V0": 44.933759241476245,
  "Vd": 12.228807894832144,
  "Vusv_step_time": 30
}