{
  "Past_lv": 192.48045803461019,
  "Vast_lv": 187.4836315848402,
  "LVM": 296.14493945040908,
  "Vm": 247.50334524197345,
  "c3": -0.00027844784795976081,
  "c2": 0.044422825183562456,
  "c1": 0.20049278526481609,
  "c0": -11.64810747926875,
  "alpha": 1.1771765333590766E-12,
  "beta": 5.7653254330049135,
  "Vusv_step": 281.78835032410683,
  "V0": 46.790900433164637,
  "Vd": 12.73423239636759,
  "Vusv_step_time": 30
}