{
  "Past_lv": 171.92702179844716,
  "Vast_lv": 201.70357464477109,
  "LVM": 215.97822659781184,
  "Vm": 231.13665903748955,
  "c3": -0.00035284386487300452,
  "c2": 0.013095491862489761,
  "c1": 0.14383071879055292,
  "c0": -12.800348883973154,
  "alpha": 1.8052272226244706E-12,
  "beta": 5.7113562308728127,
  "Vusv_step": 31.345670995835956,
  "V0": 34.124559802454272,
  "Vd": 9.28706374370591,
  "Vusv_step_time": 30
}