{
  "Past_lv": 236.03151459728383,
  "Vast_lv": 298.70049730681103,
  "LVM": 293.91425643349544,
  "Vm": 230.06402407945134,
  "c3": -0.00021494656776186176,
  "c2": 0.040243595766367775,
  "c1": 0.52661774436679476,
  "c0": -13.960284392839993,
  "alpha": 4.4639118130886771E-13,
  "beta": 5.8344541148375928,
  "Vusv_step": 127.92665930824417,
  "V0": 46.438452516492276,
  "Vd": 12.638313026640303,
  "Vusv_step_time": 30
}