{
  "Past_lv": 158.4549990626374,
  "Vast_lv": 195.68879803908484,
  "LVM": 251.1620782975323,
  "Vm": 246.09403556962334,
  "c3": -0.00090124062162255268,
  "c2": 0.036720038887815526,
  "c1": 0.1228919160939895,
  "c0": -13.513033786527178,
  "alpha": 3.9654470893832691E-12,
  "beta": 5.7631155547879374,
  "Vusv_step": 269.81538031929313,
  "V0": 39.6836083710101,
  "Vd": 10.799969366793889,
  "Vusv_step_time": 30
}