{
  "Past_lv": 177.10265082410194,
  "Vast_lv": 273.8335789497965,
  "LVM": 261.51825882638337,
  "Vm": 236.05482016349279,
  "c3": -0.00021135521369588573,
  "c2": 0.022878548875685679,
  "c1": 0.26615879002072629,
  "c0": -13.708534966134634,
  "alpha": 4.5946021489273692E-13,
  "beta": 5.6717013639598841,
  "Vusv_step": 4.942817616681098,
  "V0": 41.319884894568574,
  "Vd": 11.245285129534484,
  "Vusv_step_time": 30
}