{
  "Past_lv": 223.49785383898447,
  "Vast_lv": 263.51557888121641,
  "LVM": 200.69015421607006,
  "Vm": 241.97746160150922,
  "c3": -0.00086090959694075093,
  "c2": 0.00041126690466333077,
  "c1": 0.17042597788147934,
  "c0": -15.479249701344685,
  "alpha": 2.8096758244515621E-12,
  "beta": 5.7838240991105287,
  "Vusv_step": 228.57010594815515,
  "V0": 31.709044366139068,
  "Vd": 8.6296766312910123,
  "Vusv_step_time": 30
}