{
  "Past_lv": 190.09389758890524,
  "Vast_lv": 220.72995907357841,
  "LVM": 269.51145535337281,
  "Vm": 235.549910181339,
  "c3": -0.0009495334844102617,
  "c2": 0.0043275181484392217,
  "c1": 0.4954472373882795,
  "c0": -16.632514243025362,
  "alpha": 3.1023391087278482E-12,
  "beta": 5.71902703978314,
  "Vusv_step": 294.75645410737184,
  "V0": 42.582809945832906,
  "Vd": 11.588992580195031,
  "Vusv_step_time": 30
}