{
  "Past_lv": 165.56637638318307,
  "Vast_lv": 292.07242553714559,
  "LVM": 181.43136563091574,
  "Vm": 238.80475900256783,
  "c3": -0.00026878165760654252,
  "c2": 0.014892169729799048,
  "c1": 0.2930112676911148,
  "c0": -11.671496769788748,
  "alpha": 3.8267405560476776E-12,
  "beta": 5.7276070339237091,
  "Vusv_step": 78.644643010825746,
  "V0": 28.666155769684689,
  "Vd": 7.8015487221293771,
  "Vusv_step_time": 30
}