{
  "Past_lv": 210.40202167434728,
  "Vast_lv": 178.97231576141218,
  "LVM": 229.87713179205389,
  "Vm": 246.580819404326,
  "c3": -0.00081352546027069618,
  "c2": 0.044582522100925441,
  "c1": 0.15789871492976429,
  "c0": -11.755802051379211,
  "alpha": 4.1063382294179921E-12,
  "beta": 5.5490850671745466,
  "Vusv_step": 115.0902479755085,
  "V0": 36.320586823144517,
  "Vd": 9.8847166670583171,
  "Vusv_step_time": 30
}