{
  "Past_lv": 138.97626837592753,
  "Vast_lv": 239.54426720470707,
  "LVM": 287.81163164065873,
  "Vm": 232.15966755216184,
  "c3": -0.00081747927496830677,
  "c2": 0.034269802364960404,
  "c1": 0.16898906400036309,
  "c0": -16.61792988126426,
  "alpha": 2.1239160775931004E-12,
  "beta": 5.4740014686087237,
  "Vusv_step": 221.5294082882267,
  "V0": 45.474237799224085,
  "Vd": 12.375900160548325,
  "Vusv_step_time": 30
}