{
  "Past_lv": 222.83625035186287,
  "Vast_lv": 256.88028115998071,
  "LVM": 179.63189188086744,
  "Vm": 246.48549171661747,
  "c3": -0.00052662517219902551,
  "c2": 0.026805824640469905,
  "c1": 0.24946570290120518,
  "c0": -13.285289699750242,
  "alpha": 3.4565108260323E-12,
  "beta": 5.5440370150468192,
  "Vusv_step": 220.35014321117811,
  "V0": 28.381838917177056,
  "Vd": 7.7241713508773,
  "Vusv_step_time": 30
}