{
  "Past_lv": 157.10312269739745,
  "Vast_lv": 179.21947322947418,
  "LVM": 229.56749706649126,
  "Vm": 247.44331726210999,
  "c3": -0.000760495999113135,
  "c2": 0.038860699131971488,
  "c1": 0.27383723950072464,
  "c0": -15.953668416759321,
  "alpha": 4.68480962609894E-13,
  "beta": 5.7912055394555644,
  "Vusv_step": 54.182760811556435,
  "V0": 36.271664536505618,
  "Vd": 9.871402373859123,
  "Vusv_step_time": 30
}