{
  "Past_lv": 141.48634392992571,
  "Vast_lv": 253.4792115484166,
  "LVM": 295.77860904371647,
  "Vm": 244.20767650807429,
  "c3": -0.00089347883571396761,
  "c2": 0.033315444361849092,
  "c1": 0.481160173096529,
  "c0": -12.439587990119028,
  "alpha": 2.0878201988606528E-12,
  "beta": 5.6410030409512357,
  "Vusv_step": 236.24685769678931,
  "V0": 46.733020228907208,
  "Vd": 12.718480188879807,
  "Vusv_step_time": 30
}