{
  "Past_lv": 266.66533283010915,
  "Vast_lv": 212.52221607490605,
  "LVM": 186.25575895768552,
  "Vm": 230.11187891876256,
  "c3": -0.00015740904422397047,
  "c2": 0.009943498859022265,
  "c1": 0.10438458121634522,
  "c0": -15.71999370377462,
  "alpha": 3.8845934709779111E-12,
  "beta": 5.4537578693556652,
  "Vusv_step": 108.87846860769037,
  "V0": 29.428409915314315,
  "Vd": 8.0089976351804779,
  "Vusv_step_time": 30
}