{
  "Past_lv": 198.03927816839126,
  "Vast_lv": 210.46223707134774,
  "LVM": 230.74860347795604,
  "Vm": 240.03621155599077,
  "c3": -0.00069401940822386556,
  "c2": 0.031449774668654527,
  "c1": 0.17156258186352766,
  "c0": -16.495801671323129,
  "alpha": 2.9485715508244191E-12,
  "beta": 5.8645075213390134,
  "Vusv_step": 131.4845401469066,
  "V0": 36.458279349517056,
  "Vd": 9.92218994955211,
  "Vusv_step_time": 30
}