{
  "Past_lv": 243.72809707047168,
  "Vast_lv": 258.29488524592307,
  "LVM": 277.63100777119053,
  "Vm": 231.79358580698553,
  "c3": -0.00082315269752029571,
  "c2": 0.021919285112321659,
  "c1": 0.25502018868399395,
  "c0": -15.300147053597771,
  "alpha": 2.2796556767080649E-12,
  "beta": 5.492960313559311,
  "Vusv_step": 197.04987548826023,
  "V0": 43.865699227848111,
  "Vd": 11.938133334161192,
  "Vusv_step_time": 30
}