{
  "Past_lv": 253.67453683541891,
  "Vast_lv": 267.22059058810959,
  "LVM": 239.533246889386,
  "Vm": 230.03738962465931,
  "c3": -0.00064232707639184212,
  "c2": 0.0053064213371014635,
  "c1": 0.31366343495638682,
  "c0": -15.217139851697153,
  "alpha": 2.2004966435265167E-12,
  "beta": 5.4897373848793283,
  "Vusv_step": 125.92397541123741,
  "V0": 37.846253008522993,
  "Vd": 10.299929616243595,
  "Vusv_step_time": 30
}