{
  "Past_lv": 152.25232500188829,
  "Vast_lv": 231.67868418330266,
  "LVM": 222.63611752567957,
  "Vm": 235.65038167725217,
  "c3": -5.7041577974813488E-5,
  "c2": 0.0095533981066619825,
  "c1": 0.348872496791657,
  "c0": -13.320837798817216,
  "alpha": 3.6215243708383911E-13,
  "beta": 5.8468398757429529,
  "Vusv_step": 204.07346072081998,
  "V0": 35.176506569057373,
  "Vd": 9.57335305360422,
  "Vusv_step_time": 30
}