{
  "Past_lv": 232.80106677429484,
  "Vast_lv": 227.44050985215577,
  "LVM": 203.33640182272552,
  "Vm": 247.81324343475919,
  "c3": -0.001034774665990773,
  "c2": 0.0074903426381423763,
  "c1": 0.6062609055541428,
  "c0": -13.893861251605934,
  "alpha": 2.243148822877507E-12,
  "beta": 5.734880145034575,
  "Vusv_step": 37.906459499084058,
  "V0": 32.127151487990631,
  "Vd": 8.7434652783771973,
  "Vusv_step_time": 30
}