{
  "Past_lv": 136.76373523880568,
  "Vast_lv": 249.84832407493087,
  "LVM": 214.6929922688276,
  "Vm": 249.06142538200436,
  "c3": -0.00033925969481795346,
  "c2": 0.038924960265602736,
  "c1": 0.30867419877772417,
  "c0": -14.686231994335019,
  "alpha": 2.6903259557001727E-13,
  "beta": 5.7025258549175719,
  "Vusv_step": 271.51179434525676,
  "V0": 33.921492778474764,
  "Vd": 9.2317986675595858,
  "Vusv_step_time": 30
}