{
  "Past_lv": 141.27895442805104,
  "Vast_lv": 249.06361714653821,
  "LVM": 282.25880250723395,
  "Vm": 231.53819998753929,
  "c3": -0.0005499411160008067,
  "c2": 0.010100072151905629,
  "c1": 0.050413525227724215,
  "c0": -15.007329397722824,
  "alpha": 2.329607143631304E-12,
  "beta": 5.5706641908093557,
  "Vusv_step": 49.610839193716643,
  "V0": 44.596890796142972,
  "Vd": 12.13712850781106,
  "Vusv_step_time": 30
}