{
  "Past_lv": 174.66470024090526,
  "Vast_lv": 193.53410790855344,
  "LVM": 189.268608896196,
  "Vm": 240.65642750681627,
  "c3": -0.00031327737590272457,
  "c2": 0.025306036984022541,
  "c1": 0.50398776333218009,
  "c0": -12.75787263560126,
  "alpha": 3.7504165798635673E-12,
  "beta": 5.5638823582184749,
  "Vusv_step": 282.91634111826232,
  "V0": 29.90444020559897,
  "Vd": 8.1385501825364273,
  "Vusv_step_time": 30
}