{
  "Past_lv": 150.87783239268015,
  "Vast_lv": 285.7376183629143,
  "LVM": 249.33557157878192,
  "Vm": 249.53513390015132,
  "c3": -0.00026045802039610145,
  "c2": 0.031679921426480052,
  "c1": 0.34541535286443237,
  "c0": -12.9908397245161,
  "alpha": 2.2316839680461506E-12,
  "beta": 5.5218372288485478,
  "Vusv_step": 277.09617738346634,
  "V0": 39.395020309447546,
  "Vd": 10.721429577887623,
  "Vusv_step_time": 30
}