{
  "Past_lv": 231.28497307157897,
  "Vast_lv": 222.49782154238036,
  "LVM": 183.16564763481412,
  "Vm": 232.5005485725197,
  "c3": -0.00046572820347720557,
  "c2": 0.023321998069358252,
  "c1": 0.018019623672279689,
  "c0": -16.170433153908881,
  "alpha": 3.4459567308710846E-12,
  "beta": 5.53978741956373,
  "Vusv_step": 209.15882267129163,
  "V0": 28.94017232630063,
  "Vd": 7.8761228482970065,
  "Vusv_step_time": 30
}