{
  "Past_lv": 197.61547812434318,
  "Vast_lv": 241.12813908025123,
  "LVM": 189.64267268162456,
  "Vm": 249.39867306719512,
  "c3": -0.00048804131829160438,
  "c2": 0.044901525629746,
  "c1": 0.071840514226748309,
  "c0": -16.220088510743707,
  "alpha": 3.3104566232120326E-12,
  "beta": 5.7232410082285918,
  "Vusv_step": 31.170577511329295,
  "V0": 29.963542283696682,
  "Vd": 8.1546349253098569,
  "Vusv_step_time": 30
}