{
  "Past_lv": 263.63273889618085,
  "Vast_lv": 274.75668683565095,
  "LVM": 189.8562503277353,
  "Vm": 249.42477175169225,
  "c3": -0.00074414733816892268,
  "c2": 0.030365096996303645,
  "c1": 0.11821263475065581,
  "c0": -15.401932152944878,
  "alpha": 1.382903154419884E-12,
  "beta": 5.7792728257458865,
  "Vusv_step": 99.780875515967267,
  "V0": 29.997287551782179,
  "Vd": 8.1638187640926176,
  "Vusv_step_time": 30
}