{
  "Past_lv": 180.29967306763797,
  "Vast_lv": 210.23837856485852,
  "LVM": 289.62176549555568,
  "Vm": 232.68555410286007,
  "c3": -0.00090893620020707049,
  "c2": 0.031404616290251139,
  "c1": 0.46403312144961889,
  "c0": -15.827764164100703,
  "alpha": 3.0608796894846765E-12,
  "beta": 5.5816836494756323,
  "Vusv_step": 98.860152623929778,
  "V0": 45.760238948297804,
  "Vd": 12.453735916308894,
  "Vusv_step_time": 30
}