{
  "Past_lv": 137.58223772394467,
  "Vast_lv": 252.1105587780192,
  "LVM": 257.69674631805225,
  "Vm": 246.8887402986262,
  "c3": -0.00011177196319539983,
  "c2": 0.017188322156311157,
  "c1": 0.081424394671429867,
  "c0": -13.8263681542984,
  "alpha": 2.1335596473523853E-12,
  "beta": 5.6478687577746278,
  "Vusv_step": 264.90835961770307,
  "V0": 40.716085918252254,
  "Vd": 11.080960091676245,
  "Vusv_step_time": 30
}