{
  "Past_lv": 152.42005357403639,
  "Vast_lv": 257.11677818105261,
  "LVM": 263.60896852200608,
  "Vm": 248.87060096778538,
  "c3": -0.00088542420961874142,
  "c2": 0.03945450161082021,
  "c1": 0.12950715559432602,
  "c0": -13.037229932104873,
  "alpha": 3.994984797721661E-12,
  "beta": 5.4686920864428608,
  "Vusv_step": 222.27210296699076,
  "V0": 41.650217026476966,
  "Vd": 11.335185646446261,
  "Vusv_step_time": 30
}