{
  "Past_lv": 164.59104566864193,
  "Vast_lv": 215.07277965169396,
  "LVM": 230.16802079244508,
  "Vm": 245.17491552450662,
  "c3": -0.00047972433326600339,
  "c2": 0.030395748913694662,
  "c1": 0.46787179501601223,
  "c0": -14.028117843296593,
  "alpha": 3.893769720275136E-12,
  "beta": 5.4952046362671085,
  "Vusv_step": 284.52618391829139,
  "V0": 36.366547285206323,
  "Vd": 9.8972248940751371,
  "Vusv_step_time": 30
}