{
  "Past_lv": 228.74181520425935,
  "Vast_lv": 298.84700335984218,
  "LVM": 191.47194008106788,
  "Vm": 245.94095470158359,
  "c3": -0.00068231950075345262,
  "c2": 0.016844482933886851,
  "c1": 0.069027071776342583,
  "c0": -15.090501300123741,
  "alpha": 3.6539554501617676E-12,
  "beta": 5.4712610497039584,
  "Vusv_step": 44.35848399403352,
  "V0": 30.252566532808729,
  "Vd": 8.23329342348592,
  "Vusv_step_time": 30
}