{
  "Past_lv": 124.07944527676693,
  "Vast_lv": 252.80072444421046,
  "LVM": 216.77600842142695,
  "Vm": 249.95733350481609,
  "c3": -0.00031747403466419392,
  "c2": 0.0324252241222463,
  "c1": 0.295265913063608,
  "c0": -14.65059615814706,
  "alpha": 3.8480722942246624E-12,
  "beta": 5.5866976301495308,
  "Vusv_step": 32.989263388850851,
  "V0": 34.250609330585462,
  "Vd": 9.3213683621213583,
  "Vusv_step_time": 30
}