{
  "Past_lv": 142.14206011878429,
  "Vast_lv": 254.22803024409458,
  "LVM": 290.47156164896933,
  "Vm": 248.63563661263004,
  "c3": -0.0005319000490913888,
  "c2": -0.0029376233997112366,
  "c1": 0.0082877674266051537,
  "c0": -13.007887222270949,
  "alpha": 7.7074545527424568E-13,
  "beta": 5.6954539369860679,
  "Vusv_step": 39.521019524896417,
  "V0": 45.894506740537153,
  "Vd": 12.490277150905682,
  "Vusv_step_time": 30
}