{
  "Past_lv": 226.96920759462404,
  "Vast_lv": 249.69682804075262,
  "LVM": 176.71366725588189,
  "Vm": 232.34484932368693,
  "c3": -0.00041395723934004318,
  "c2": 0.036983869688873079,
  "c1": 0.550313875298587,
  "c0": -14.964813305122632,
  "alpha": 3.5584072740278318E-12,
  "beta": 5.6838645761031552,
  "Vusv_step": 78.199745810906379,
  "V0": 27.920759426429342,
  "Vd": 7.5986876920029207,
  "Vusv_step_time": 30
}