{
  "Past_lv": 214.65163983279353,
  "Vast_lv": 280.35610932959804,
  "LVM": 201.01485293140405,
  "Vm": 230.66951363566614,
  "c3": -0.000979546828489066,
  "c2": 0.0023325929688503208,
  "c1": 0.60261300178953059,
  "c0": -14.869619805891352,
  "alpha": 2.4332080519984195E-12,
  "beta": 5.43458768397954,
  "Vusv_step": 1.0511340190490255,
  "V0": 31.760346763161841,
  "Vd": 8.6436386760503741,
  "Vusv_step_time": 30
}