{
  "Past_lv": 158.16557776460112,
  "Vast_lv": 177.60125052263115,
  "LVM": 199.13987717926926,
  "Vm": 236.35502316569628,
  "c3": -0.00025732651804845949,
  "c2": 0.02381608121225141,
  "c1": 0.36254215579745996,
  "c0": -15.201011931300744,
  "alpha": 3.8675995131689826E-12,
  "beta": 5.6580956488458778,
  "Vusv_step": 119.49194552838486,
  "V0": 31.464100594324545,
  "Vd": 8.5630147187085779,
  "Vusv_step_time": 30
}