{
  "Past_lv": 224.49061030958831,
  "Vast_lv": 179.70973684490997,
  "LVM": 294.13188334201595,
  "Vm": 242.308734922374,
  "c3": -0.00032095438289814996,
  "c2": 0.026448187560269839,
  "c1": 0.5821751826115984,
  "c0": -13.487371333214714,
  "alpha": 3.7936734108315972E-13,
  "beta": 5.524034541118195,
  "Vusv_step": 2.0189434830526038,
  "V0": 46.472837568038521,
  "Vd": 12.647670983706684,
  "Vusv_step_time": 30
}