{
  "Past_lv": 129.32627691121641,
  "Vast_lv": 212.06785048341141,
  "LVM": 255.3111258613568,
  "Vm": 244.93764449747124,
  "c3": -0.00038260649928609084,
  "c2": 0.042331723590712765,
  "c1": 0.53644360027677473,
  "c0": -11.916214481006868,
  "alpha": 2.1124846980174389E-12,
  "beta": 5.8623022432559919,
  "Vusv_step": 245.99676530101596,
  "V0": 40.339157886094377,
  "Vd": 10.978378412038342,
  "Vusv_step_time": 30
}