{
  "Past_lv": 227.38045192500687,
  "Vast_lv": 201.47356180324849,
  "LVM": 247.23316599769132,
  "Vm": 239.90599298637477,
  "c3": -0.00096825116566585261,
  "c2": 0.040967412170500296,
  "c1": 0.36533166521268989,
  "c0": -12.358370713929338,
  "alpha": 3.7764104067722467E-12,
  "beta": 5.8534429691551155,
  "Vusv_step": 230.44563774874246,
  "V0": 39.062840227635228,
  "Vd": 10.631026137900726,
  "Vusv_step_time": 30
}