{
  "Past_lv": 122.8348530469396,
  "Vast_lv": 235.8910671636487,
  "LVM": 281.51033806768686,
  "Vm": 243.69137163392114,
  "c3": -0.000750611083260791,
  "c2": 0.016332642164277145,
  "c1": 0.20737118750910932,
  "c0": -12.144570752075992,
  "alpha": 3.2127078589002949E-12,
  "beta": 5.6698639613951851,
  "Vusv_step": 22.569881574488139,
  "V0": 44.478633414694521,
  "Vd": 12.104944536910534,
  "Vusv_step_time": 30
}