{
  "Past_lv": 212.08764178064777,
  "Vast_lv": 221.98406264274485,
  "LVM": 197.82652995956349,
  "Vm": 237.89227049800596,
  "c3": -0.0010306314544027927,
  "c2": 0.0028599892885993322,
  "c1": 0.58587357077782842,
  "c0": -15.374628361823145,
  "alpha": 2.3762836862208522E-12,
  "beta": 5.6991199644672639,
  "Vusv_step": 24.665627655736134,
  "V0": 31.256591733611032,
  "Vd": 8.50654078826123,
  "Vusv_step_time": 30
}