{
  "Past_lv": 202.40973361657143,
  "Vast_lv": 180.48608730773125,
  "LVM": 180.469370257676,
  "Vm": 238.11622566208109,
  "c3": -0.00067178603094030756,
  "c2": 0.038297553767246931,
  "c1": 0.19875419033868705,
  "c0": -15.035278648878307,
  "alpha": 2.795732098478204E-12,
  "beta": 5.5485561424681542,
  "Vusv_step": 122.63155396732026,
  "V0": 28.514160500712805,
  "Vd": 7.7601829210800668,
  "Vusv_step_time": 30
}