{
  "Past_lv": 258.57423897290857,
  "Vast_lv": 248.83392808686023,
  "LVM": 258.46130676688909,
  "Vm": 234.59255003643116,
  "c3": -0.00044737287764059141,
  "c2": 0.0072038700775806583,
  "c1": 0.54227564519168259,
  "c0": -11.655072130786211,
  "alpha": 3.4896045018538872E-12,
  "beta": 5.74447287051407,
  "Vusv_step": 244.29128127812686,
  "V0": 40.836886469168483,
  "Vd": 11.113836190976231,
  "Vusv_step_time": 30
}