{
  "Past_lv": 265.60427339555918,
  "Vast_lv": 238.3442435371266,
  "LVM": 240.05614184605827,
  "Vm": 247.08259434816674,
  "c3": -0.00054511413833791315,
  "c2": 0.034672335227299074,
  "c1": 0.44484833634705023,
  "c0": -15.258427870714325,
  "alpha": 2.600585487285934E-12,
  "beta": 5.58484196495236,
  "Vusv_step": 82.5561715457978,
  "V0": 37.92887041167721,
  "Vd": 10.322414099380506,
  "Vusv_step_time": 30
}