{
  "Past_lv": 255.96256811949456,
  "Vast_lv": 234.14653254482727,
  "LVM": 193.77932628161594,
  "Vm": 248.49361949341227,
  "c3": -0.00014891615088346644,
  "c2": -0.0016107902542430788,
  "c1": 0.31208874941858156,
  "c0": -12.351496915563892,
  "alpha": 3.7921733355897583E-12,
  "beta": 5.6262498824465226,
  "Vusv_step": 47.761818421531423,
  "V0": 30.617133552495321,
  "Vd": 8.3325110301094849,
  "Vusv_step_time": 30
}