{
  "Past_lv": 190.39606508685804,
  "Vast_lv": 224.78005123281142,
  "LVM": 272.36352215135554,
  "Vm": 243.07736507494857,
  "c3": -0.00053933429599825828,
  "c2": 0.020436536386036784,
  "c1": 0.53299801933162516,
  "c0": -12.184231931915468,
  "alpha": 3.8577708870377738E-12,
  "beta": 5.5843104431016108,
  "Vusv_step": 127.07987504279863,
  "V0": 43.033436499914181,
  "Vd": 11.711631452508289,
  "Vusv_step_time": 30
}