{
  "Past_lv": 146.09675985963094,
  "Vast_lv": 232.18869788741586,
  "LVM": 264.06323739691993,
  "Vm": 247.3508140101352,
  "c3": -0.0010469591795636542,
  "c2": 0.025009343367050751,
  "c1": 0.20002143734182959,
  "c0": -16.0141874105076,
  "alpha": 2.5391621189976756E-12,
  "beta": 5.7285873531879892,
  "Vusv_step": 239.60370254119192,
  "V0": 41.721991508713351,
  "Vd": 11.354719208067557,
  "Vusv_step_time": 30
}