{
  "Past_lv": 165.0639867505447,
  "Vast_lv": 234.54026539757089,
  "LVM": 244.77479782132258,
  "Vm": 242.99633989188143,
  "c3": -0.00042096299703974068,
  "c2": -0.0011575753270791148,
  "c1": 0.37172269627655463,
  "c0": -12.242864915549989,
  "alpha": 3.11509536796763E-12,
  "beta": 5.7958383103757205,
  "Vusv_step": 159.45444693032593,
  "V0": 38.674418055768967,
  "Vd": 10.525316306316871,
  "Vusv_step_time": 30
}