{
  "Past_lv": 175.7349901441824,
  "Vast_lv": 177.954632498738,
  "LVM": 189.17638443922439,
  "Vm": 243.58078337510216,
  "c3": -0.0010022906151934462,
  "c2": 0.034842038543945374,
  "c1": 0.53408018860695583,
  "c0": -14.473518996986819,
  "alpha": 2.8830849809748543E-12,
  "beta": 5.5889667779820105,
  "Vusv_step": 297.64710785124259,
  "V0": 29.889868741397454,
  "Vd": 8.1345845308866487,
  "Vusv_step_time": 30
}