{
  "Past_lv": 257.97467814728452,
  "Vast_lv": 256.59883076996425,
  "LVM": 198.12822510588222,
  "Vm": 233.15037753095118,
  "c3": -0.00061024565560970274,
  "c2": 0.021288588433929407,
  "c1": 0.38654848737183467,
  "c0": -16.652580132180468,
  "alpha": 3.9154197445370837E-12,
  "beta": 5.4473041731051648,
  "Vusv_step": 108.56361782248385,
  "V0": 31.304259566729392,
  "Vd": 8.5195136795529365,
  "Vusv_step_time": 30
}