{
  "Past_lv": 199.61636678336555,
  "Vast_lv": 207.4153935347199,
  "LVM": 182.85806615652925,
  "Vm": 241.69331599676724,
  "c3": -9.2287155054204427E-5,
  "c2": 0.042081067609355108,
  "c1": 0.6086182095859588,
  "c0": -16.223051232889226,
  "alpha": 6.3837944023052364E-13,
  "beta": 5.8308942023309838,
  "Vusv_step": 198.87645313698482,
  "V0": 28.891574452731621,
  "Vd": 7.8628968447307566,
  "Vusv_step_time": 30
}