{
  "Past_lv": 121.7959750422574,
  "Vast_lv": 263.4244060171871,
  "LVM": 259.41618182127667,
  "Vm": 233.70164231912727,
  "c3": -0.00060396089262961916,
  "c2": 0.020835657267958413,
  "c1": 0.35391223341091665,
  "c0": -12.484672734616083,
  "alpha": 4.7251943981396362E-13,
  "beta": 5.6928104734971026,
  "Vusv_step": 60.406062570527318,
  "V0": 40.987756727761713,
  "Vd": 11.154895818314897,
  "Vusv_step_time": 30
}