{
  "Past_lv": 245.64711826461104,
  "Vast_lv": 293.06739333847037,
  "LVM": 274.01247929051158,
  "Vm": 246.72779622349083,
  "c3": -0.00067427750735606453,
  "c2": 0.024673541360322234,
  "c1": 0.15118779114369998,
  "c0": -12.278312110899517,
  "alpha": 1.5715753235172995E-12,
  "beta": 5.4479259338019821,
  "Vusv_step": 267.38286103043936,
  "V0": 43.293971727900832,
  "Vd": 11.782536609491997,
  "Vusv_step_time": 30
}