{
  "Past_lv": 154.4366165618454,
  "Vast_lv": 206.6221455309238,
  "LVM": 233.86303451026984,
  "Vm": 243.08576995876911,
  "c3": -0.00091037522259855184,
  "c2": 0.022055984553365843,
  "c1": 0.41397219355539111,
  "c0": -12.42549431720643,
  "alpha": 2.4085615745986741E-13,
  "beta": 5.72720008270914,
  "Vusv_step": 129.58089339444749,
  "V0": 36.950359452622635,
  "Vd": 10.056110483941604,
  "Vusv_step_time": 30
}