{
  "Past_lv": 167.24502527337398,
  "Vast_lv": 208.9654840434041,
  "LVM": 255.92238426387388,
  "Vm": 230.37720493656394,
  "c3": -0.00032492762867042835,
  "c2": 0.015968343267477127,
  "c1": 0.52442143363316118,
  "c0": -14.237203251551522,
  "alpha": 3.6186432499662713E-12,
  "beta": 5.7424619042573157,
  "Vusv_step": 278.74895301309539,
  "V0": 40.43573671369208,
  "Vd": 11.004662523346576,
  "Vusv_step_time": 30
}