{
  "Past_lv": 262.23770792080137,
  "Vast_lv": 189.98930150746202,
  "LVM": 199.72244941336132,
  "Vm": 242.74998150747575,
  "c3": -0.0010479013602747449,
  "c2": 0.003877388441123085,
  "c1": 0.14124309132708474,
  "c0": -16.202472122445577,
  "alpha": 1.6962565506772088E-12,
  "beta": 5.5900409961257855,
  "Vusv_step": 219.78981139973962,
  "V0": 31.556147007311086,
  "Vd": 8.5880653247745364,
  "Vusv_step_time": 30
}