{
  "Past_lv": 131.17504292471062,
  "Vast_lv": 238.70334612002483,
  "LVM": 282.65269146561138,
  "Vm": 242.1015287996758,
  "c3": -0.00019876669987854462,
  "c2": 0.02094179547610121,
  "c1": 0.49150932730346614,
  "c0": -14.055408171340002,
  "alpha": 2.577116621418299E-12,
  "beta": 5.6862966013082952,
  "Vusv_step": 297.229302202762,
  "V0": 44.6591252515666,
  "Vd": 12.154065733021289,
  "Vusv_step_time": 30
}