{
  "Past_lv": 195.62532665432815,
  "Vast_lv": 264.21938948061472,
  "LVM": 240.42795082753696,
  "Vm": 232.87408708433819,
  "c3": -0.000312351802017677,
  "c2": 0.0070382585357608232,
  "c1": 0.53612898758842309,
  "c0": -15.445858947872162,
  "alpha": 1.2163916118444444E-12,
  "beta": 5.6206654157362772,
  "Vusv_step": 187.55549376237349,
  "V0": 37.987616230750838,
  "Vd": 10.338401885584089,
  "Vusv_step_time": 30
}