{
  "Past_lv": 135.04226215419015,
  "Vast_lv": 259.31762656229733,
  "LVM": 269.04261715202671,
  "Vm": 239.56856667326227,
  "c3": -0.0004905716009562138,
  "c2": 0.0052677983195396072,
  "c1": 0.24668750184624086,
  "c0": -14.003581522804653,
  "alpha": 1.9966561443811635E-12,
  "beta": 5.5990370099075175,
  "Vusv_step": 138.24237726949673,
  "V0": 42.508733510020221,
  "Vd": 11.568832537537148,
  "Vusv_step_time": 30
}