{
  "Past_lv": 149.57749716797844,
  "Vast_lv": 183.00241870108115,
  "LVM": 288.82460048632669,
  "Vm": 248.953226472328,
  "c3": -0.00056162434385321233,
  "c2": 0.010867785647579634,
  "c1": 0.3932994499243323,
  "c0": -15.166656272160898,
  "alpha": 1.6536160372917093E-12,
  "beta": 5.6901579666728077,
  "Vusv_step": 255.80978469949608,
  "V0": 45.634286876839617,
  "Vd": 12.419457820912045,
  "Vusv_step_time": 30
}