{
  "Past_lv": 160.88363755530131,
  "Vast_lv": 296.54116298389931,
  "LVM": 248.97371079458367,
  "Vm": 234.41204819980516,
  "c3": -0.00010830833870263939,
  "c2": 0.0010261078928434225,
  "c1": 0.20324412234820077,
  "c0": -12.545506502379348,
  "alpha": 1.4958918724542191E-12,
  "beta": 5.4176634053276365,
  "Vusv_step": 85.791516757546191,
  "V0": 39.337846305544218,
  "Vd": 10.705869564167097,
  "Vusv_step_time": 30
}