{
  "Past_lv": 162.19107749820665,
  "Vast_lv": 205.20890404745171,
  "LVM": 192.03581849834069,
  "Vm": 244.80356074339076,
  "c3": -0.00025279689231354294,
  "c2": 0.026198333080233231,
  "c1": 0.2443774522079051,
  "c0": -16.114280509346514,
  "alpha": 1.099353265622707E-12,
  "beta": 5.8559849729369891,
  "Vusv_step": 56.528191435523574,
  "V0": 30.341659322737829,
  "Vd": 8.25754019542865,
  "Vusv_step_time": 30
}