{
  "Past_lv": 140.711253438496,
  "Vast_lv": 223.16090236625854,
  "LVM": 209.07380775050305,
  "Vm": 235.39354475384667,
  "c3": -0.0002069182011209896,
  "c2": 0.0066262166738825651,
  "c1": 0.33449666858272592,
  "c0": -16.096236535608881,
  "alpha": 1.0797214814805039E-12,
  "beta": 5.7984225158121347,
  "Vusv_step": 157.94646623593908,
  "V0": 33.03366162457948,
  "Vd": 8.99017373327163,
  "Vusv_step_time": 30
}