{
  "Past_lv": 185.8608709824542,
  "Vast_lv": 213.07363320851874,
  "LVM": 252.10113491350018,
  "Vm": 234.19535366433342,
  "c3": -0.00023194889201689237,
  "c2": 0.0045212769192048,
  "c1": 0.045270242096317165,
  "c0": -13.229819157853088,
  "alpha": 1.5137710955401343E-12,
  "beta": 5.6614626678939768,
  "Vusv_step": 252.26835973198772,
  "V0": 39.831979316333033,
  "Vd": 10.840348801280506,
  "Vusv_step_time": 30
}