{
  "Past_lv": 219.2479501062075,
  "Vast_lv": 238.92113918289834,
  "LVM": 258.7594040237496,
  "Vm": 245.56016335945176,
  "c3": -0.00037215237802809466,
  "c2": 0.01785685905957465,
  "c1": 0.5127167444181161,
  "c0": -16.412045706966104,
  "alpha": 3.4292362364223916E-12,
  "beta": 5.7066641039482988,
  "Vusv_step": 68.856117528279341,
  "V0": 40.883985835752441,
  "Vd": 11.126654373021232,
  "Vusv_step_time": 30
}