{
  "Past_lv": 213.60704437227673,
  "Vast_lv": 236.43646488402848,
  "LVM": 180.09904445647337,
  "Vm": 246.92580042676445,
  "c3": -0.00018259916601169883,
  "c2": 0.029453566515008047,
  "c1": 0.26279522326255683,
  "c0": -13.196866828545632,
  "alpha": 3.6099088290532016E-12,
  "beta": 5.7536982955337841,
  "Vusv_step": 22.037058019806938,
  "V0": 28.455649024122796,
  "Vd": 7.7442589116283544,
  "Vusv_step_time": 30
}