{
  "Past_lv": 175.38546512572904,
  "Vast_lv": 180.07112407167918,
  "LVM": 177.25212328361516,
  "Vm": 249.76758238726796,
  "c3": -0.000467892414701873,
  "c2": 0.015806350427973362,
  "c1": 0.2159654568085963,
  "c0": -15.132950530304061,
  "alpha": 3.3645564500556589E-12,
  "beta": 5.5324130122747555,
  "Vusv_step": 215.98082189967369,
  "V0": 28.005835478811196,
  "Vd": 7.6218413011954524,
  "Vusv_step_time": 30
}