{
  "Past_lv": 176.82391937157837,
  "Vast_lv": 198.36732172900085,
  "LVM": 279.30292072789075,
  "Vm": 230.32267198846682,
  "c3": -0.00027646240688698645,
  "c2": 0.003776159517509585,
  "c1": 0.033297745545711951,
  "c0": -16.327216311231666,
  "alpha": 2.6383163318577553E-13,
  "beta": 5.7752015976162792,
  "Vusv_step": 35.379193563823023,
  "V0": 44.129861475006734,
  "Vd": 12.010025591299302,
  "Vusv_step_time": 30
}