{
  "Past_lv": 244.76359112693757,
  "Vast_lv": 185.37722983930985,
  "LVM": 272.19561816324938,
  "Vm": 242.50859589918662,
  "c3": -0.00074109766618521075,
  "c2": 0.01644509344848967,
  "c1": 0.23368578533297946,
  "c0": -16.05565502895384,
  "alpha": 1.2685081475502981E-12,
  "beta": 5.8514277956127234,
  "Vusv_step": 102.4114523371543,
  "V0": 43.0069076697934,
  "Vd": 11.704411581019722,
  "Vusv_step_time": 30
}