{
  "Past_lv": 181.97701598791642,
  "Vast_lv": 226.61753861681623,
  "LVM": 233.54487084946774,
  "Vm": 243.13074753276351,
  "c3": -0.000251150991802385,
  "c2": 0.01132908624859922,
  "c1": 0.33832781721686528,
  "c0": -14.747167719886841,
  "alpha": 8.7150592117528917E-13,
  "beta": 5.6893913080508645,
  "Vusv_step": 278.20956626146722,
  "V0": 36.900089594215906,
  "Vd": 10.042429446527112,
  "Vusv_step_time": 30
}