{
  "Past_lv": 257.51053988792808,
  "Vast_lv": 227.955146394665,
  "LVM": 205.91667067302552,
  "Vm": 240.54425125055428,
  "c3": -0.00091655179807793462,
  "c2": 0.033634734686253463,
  "c1": 0.36094591656775049,
  "c0": -12.323155564654702,
  "alpha": 2.7171286597282795E-12,
  "beta": 5.441872910111698,
  "Vusv_step": 288.61649599058268,
  "V0": 32.534833966338034,
  "Vd": 8.8544168389400966,
  "Vusv_step_time": 30
}