{
  "Past_lv": 130.61238272085717,
  "Vast_lv": 260.28389135728071,
  "LVM": 298.6827610113985,
  "Vm": 232.78866278069614,
  "c3": -0.0010271894029882653,
  "c2": 0.032304988179299179,
  "c1": 0.47995828563079246,
  "c0": -12.94582232017793,
  "alpha": 1.9824814036483866E-12,
  "beta": 5.5910931677888005,
  "Vusv_step": 59.543272741774466,
  "V0": 47.191876239800969,
  "Vd": 12.843358723490134,
  "Vusv_step_time": 30
}