{
  "Past_lv": 220.43266345245405,
  "Vast_lv": 185.08465527474351,
  "LVM": 253.44585460261783,
  "Vm": 243.83734196752982,
  "c3": -0.00089771301078553226,
  "c2": 0.022298737974304383,
  "c1": 0.39467965506731573,
  "c0": -13.076226385897144,
  "alpha": 3.0920139935509362E-12,
  "beta": 5.6315853561656821,
  "Vusv_step": 134.50966925200134,
  "V0": 40.044445027213619,
  "Vd": 10.898171747912565,
  "Vusv_step_time": 30
}