{
  "Past_lv": 246.93273347945686,
  "Vast_lv": 193.7705547376512,
  "LVM": 226.53750540160192,
  "Vm": 236.44000222101289,
  "c3": -0.00041059033460489258,
  "c2": 0.016605548575002859,
  "c1": 0.51124529770261562,
  "c0": -13.580342462211956,
  "alpha": 5.2296158802264823E-13,
  "beta": 5.4265616537429064,
  "Vusv_step": 203.03536166707315,
  "V0": 35.792925853453106,
  "Vd": 9.7411127322688813,
  "Vusv_step_time": 30
}