{
  "Past_lv": 129.83327958405911,
  "Vast_lv": 248.54251919144971,
  "LVM": 257.28131104410386,
  "Vm": 248.05861525084288,
  "c3": -0.0006125930356643541,
  "c2": 0.013527747834120959,
  "c1": 0.54342411114690758,
  "c0": -12.313036004896089,
  "alpha": 7.4137080075563086E-13,
  "beta": 5.5182391504506683,
  "Vusv_step": 45.3647589230007,
  "V0": 40.65044714496841,
  "Vd": 11.063096374896466,
  "Vusv_step_time": 30
}