{
  "Past_lv": 263.9369868388377,
  "Vast_lv": 287.95804304771855,
  "LVM": 222.01060837273522,
  "Vm": 232.38782903863532,
  "c3": -0.0010133293465095273,
  "c2": 0.04055293811677696,
  "c1": 0.44695513548577309,
  "c0": -12.060618834867045,
  "alpha": 1.5302986157390806E-12,
  "beta": 5.5395151849898827,
  "Vusv_step": 197.47709513342946,
  "V0": 35.077676122892164,
  "Vd": 9.5464561600276134,
  "Vusv_step_time": 30
}