{
  "Past_lv": 134.63540670838023,
  "Vast_lv": 244.59804638578836,
  "LVM": 231.99937641545333,
  "Vm": 236.22425103996056,
  "c3": -0.00093312121229946216,
  "c2": 0.030866203367680721,
  "c1": 0.51774169113497193,
  "c0": -13.065412993020061,
  "alpha": 1.3880910379551749E-12,
  "beta": 5.8651882457768245,
  "Vusv_step": 55.584610850011082,
  "V0": 36.655901473641627,
  "Vd": 9.9759731858644933,
  "Vusv_step_time": 30
}