{
  "Past_lv": 165.69057606328673,
  "Vast_lv": 281.49115158777039,
  "LVM": 198.87178082476154,
  "Vm": 243.8960569507903,
  "c3": -0.0010005973480004637,
  "c2": 0.042432276259643596,
  "c1": 0.488647942264564,
  "c0": -12.010076361778422,
  "alpha": 3.1303768941068075E-12,
  "beta": 5.482186884634352,
  "Vusv_step": 181.51180368653002,
  "V0": 31.421741370312326,
  "Vd": 8.5514865754647467,
  "Vusv_step_time": 30
}