{
  "Past_lv": 148.61029097862161,
  "Vast_lv": 209.128851494733,
  "LVM": 219.32488024479395,
  "Vm": 243.49884970740769,
  "c3": -0.0004564687945215651,
  "c2": 0.0059088068555184156,
  "c1": 0.27834661827520746,
  "c0": -11.835197211762393,
  "alpha": 2.1735893860732511E-12,
  "beta": 5.5680724714908267,
  "Vusv_step": 162.75918999296348,
  "V0": 34.653331078677439,
  "Vd": 9.43096985052614,
  "Vusv_step_time": 30
}