{
  "Past_lv": 224.93196799559013,
  "Vast_lv": 217.50944912138658,
  "LVM": 246.70892218959028,
  "Vm": 232.82001934721816,
  "c3": -0.00024729974131035509,
  "c2": 0.027856286236325363,
  "c1": 0.60089621486080158,
  "c0": -14.843302928300183,
  "alpha": 2.392988562332564E-12,
  "beta": 5.6468621213525525,
  "Vusv_step": 284.06999183166283,
  "V0": 38.980009705955268,
  "Vd": 10.608483654152383,
  "Vusv_step_time": 30
}