{
  "Past_lv": 147.118153818625,
  "Vast_lv": 194.48706586202695,
  "LVM": 230.41004566583979,
  "Vm": 234.04444731997495,
  "c3": -0.000227382287990306,
  "c2": 0.037117259415355458,
  "c1": 0.12589143063408814,
  "c0": -13.605633774666678,
  "alpha": 2.2141561892913708E-12,
  "beta": 5.4847640692008666,
  "Vusv_step": 160.12484663213863,
  "V0": 36.404787215202688,
  "Vd": 9.9076319636311112,
  "Vusv_step_time": 30
}