{
  "Past_lv": 260.79999277874197,
  "Vast_lv": 190.94892384023504,
  "LVM": 254.47965030302237,
  "Vm": 248.66907559105113,
  "c3": -7.09234434625337E-5,
  "c2": 0.028453529267627359,
  "c1": 0.16811630800325061,
  "c0": -14.89920481875731,
  "alpha": 3.7543837816275138E-12,
  "beta": 5.8374366558219162,
  "Vusv_step": 141.01945550146255,
  "V0": 40.207784747877533,
  "Vd": 10.942624963029962,
  "Vusv_step_time": 30
}