{
  "Past_lv": 205.14820452203597,
  "Vast_lv": 253.89563047068643,
  "LVM": 192.88963418617121,
  "Vm": 244.97509436500673,
  "c3": -0.0006552962521166935,
  "c2": 0.033700073643367037,
  "c1": 0.49660292057375438,
  "c0": -14.607246829683238,
  "alpha": 6.0348616271802237E-13,
  "beta": 5.8431943914153415,
  "Vusv_step": 123.6624441737534,
  "V0": 30.476562201415053,
  "Vd": 8.29425427000536,
  "Vusv_step_time": 30
}