{
  "Past_lv": 203.24253420243883,
  "Vast_lv": 191.27642962989182,
  "LVM": 182.31287975229512,
  "Vm": 234.84969504847194,
  "c3": -0.00089573997873337332,
  "c2": 0.0083084281212091327,
  "c1": 0.16327683528947173,
  "c0": -15.732695374848204,
  "alpha": 2.784265624670493E-12,
  "beta": 5.4623455606067193,
  "Vusv_step": 198.06962635122855,
  "V0": 28.80543500086263,
  "Vd": 7.8394538293486891,
  "Vusv_step_time": 30
}