{
  "Past_lv": 191.32817649090691,
  "Vast_lv": 273.49368630843441,
  "LVM": 284.18078228792382,
  "Vm": 248.02816209024269,
  "c3": -0.00018747123146736582,
  "c2": -0.0017223593387818009,
  "c1": 0.59614048030685085,
  "c0": -16.304102837811083,
  "alpha": 4.4775276979372116E-13,
  "beta": 5.4964427337095545,
  "Vusv_step": 90.061360411023045,
  "V0": 44.900563601491967,
  "Vd": 12.219773638380723,
  "Vusv_step_time": 30
}