{
  "Past_lv": 249.1058874529171,
  "Vast_lv": 220.41364693529709,
  "LVM": 191.54903318560997,
  "Vm": 241.33978444298444,
  "c3": -0.00047053171476454177,
  "c2": 0.018197852854857838,
  "c1": 0.087880279050552484,
  "c0": -12.116429605596004,
  "alpha": 9.1972407518809268E-13,
  "beta": 5.7461171816331831,
  "Vusv_step": 254.4897301875576,
  "V0": 30.264747243326379,
  "Vd": 8.2366084269812276,
  "Vusv_step_time": 30
}