{
  "Past_lv": 144.77998174819942,
  "Vast_lv": 259.83841730828419,
  "LVM": 283.11408352094674,
  "Vm": 233.3399654123919,
  "c3": -0.0003182904740833759,
  "c2": 0.019049908802500029,
  "c1": 0.37618181161061404,
  "c0": -13.838591030458355,
  "alpha": 1.0567976561336751E-12,
  "beta": 5.624858102976372,
  "Vusv_step": 238.2399478041724,
  "V0": 44.732025196309586,
  "Vd": 12.173905591400709,
  "Vusv_step_time": 30
}