{
  "Past_lv": 207.36907733286705,
  "Vast_lv": 212.47197827629861,
  "LVM": 266.11798710303486,
  "Vm": 249.44701992882148,
  "c3": -0.00042543289129082815,
  "c2": 0.028173198110869043,
  "c1": 0.36849126003850657,
  "c0": -13.114059329193704,
  "alpha": 3.7657601713746156E-12,
  "beta": 5.83542075935906,
  "Vusv_step": 114.11642396907438,
  "V0": 42.046641962279509,
  "Vd": 11.443073445430498,
  "Vusv_step_time": 30
}