{
  "Past_lv": 148.00536952913708,
  "Vast_lv": 186.96742344696995,
  "LVM": 270.10615797004806,
  "Vm": 243.28475627147267,
  "c3": -0.000580111642240072,
  "c2": 0.043883508243284484,
  "c1": 0.14556329715548058,
  "c0": -14.829538870686306,
  "alpha": 1.6826045867150875E-12,
  "beta": 5.6724103521392992,
  "Vusv_step": 104.36798441980818,
  "V0": 42.676772959267595,
  "Vd": 11.614564792712066,
  "Vusv_step_time": 30
}