{
  "Past_lv": 269.76650368833236,
  "Vast_lv": 254.3140349644093,
  "LVM": 284.58083678387311,
  "Vm": 235.92339048633079,
  "c3": -0.00055673044339120533,
  "c2": 0.00413429654953907,
  "c1": 0.0038583869953833774,
  "c0": -12.690251746973161,
  "alpha": 2.9437190005329343E-12,
  "beta": 5.7380991500343566,
  "Vusv_step": 68.269362574071423,
  "V0": 44.963772211851953,
  "Vd": 12.236975981706543,
  "Vusv_step_time": 30
}