{
  "Past_lv": 204.30518133259508,
  "Vast_lv": 292.48218439165845,
  "LVM": 233.35043548566813,
  "Vm": 235.05112691626294,
  "c3": -9.4867308550876253E-5,
  "c2": 0.01191212258051158,
  "c1": 0.57422803821119084,
  "c0": -13.456258179602974,
  "alpha": 3.01210524067009E-12,
  "beta": 5.5168495465696248,
  "Vusv_step": 182.66009023687138,
  "V0": 36.869368806735565,
  "Vd": 10.03406872588373,
  "Vusv_step_time": 30
}