{
  "Past_lv": 240.38554892955349,
  "Vast_lv": 245.93500124398341,
  "LVM": 175.62635907810309,
  "Vm": 245.84889146547226,
  "c3": -0.00072575382217513439,
  "c2": 0.010452946759470019,
  "c1": 0.013622883372491902,
  "c0": -12.246755872402089,
  "alpha": 3.6336602679178002E-12,
  "beta": 5.6583633564338012,
  "Vusv_step": 183.33382229124175,
  "V0": 27.748964734340287,
  "Vd": 7.5519334403584333,
  "Vusv_step_time": 30
}