{
  "Past_lv": 188.00808826264495,
  "Vast_lv": 196.76693651801034,
  "LVM": 176.42306172313522,
  "Vm": 245.99899641035421,
  "c3": -5.7686828282068952E-5,
  "c2": 0.0063159257418073933,
  "c1": 0.065143964071575661,
  "c0": -13.468031901687427,
  "alpha": 1.9791123746649294E-12,
  "beta": 5.7510109182074691,
  "Vusv_step": 17.105426234567645,
  "V0": 27.874843752255366,
  "Vd": 7.5861916540948142,
  "Vusv_step_time": 30
}