{
  "Past_lv": 156.36715569633003,
  "Vast_lv": 237.09753527545314,
  "LVM": 293.28958378123696,
  "Vm": 240.48288044850608,
  "c3": -0.0003990863622639428,
  "c2": 0.02793498178083309,
  "c1": 0.13295386692271977,
  "c0": -13.748328518574588,
  "alpha": 1.5639668973468954E-12,
  "beta": 5.6081039755370323,
  "Vusv_step": 84.290517001611846,
  "V0": 46.339754237435443,
  "Vd": 12.611452102593189,
  "Vusv_step_time": 30
}