{
  "Past_lv": 191.49775082054086,
  "Vast_lv": 267.6234006372087,
  "LVM": 290.2085352796874,
  "Vm": 230.78604681512027,
  "c3": -0.0007642329916805067,
  "c2": 0.026725315483050415,
  "c1": 0.53045705143353084,
  "c0": -16.142678425767265,
  "alpha": 8.6823750184707019E-13,
  "beta": 5.6318480533481283,
  "Vusv_step": 171.70475875053708,
  "V0": 45.852948574190613,
  "Vd": 12.478967017026557,
  "Vusv_step_time": 30
}