{
  "Past_lv": 140.05904156238569,
  "Vast_lv": 233.33125682767113,
  "LVM": 280.42465372406855,
  "Vm": 237.20235821254442,
  "c3": -4.6563053062402462E-5,
  "c2": 0.01758341856858284,
  "c1": 0.052557618314301745,
  "c0": -15.106231596442026,
  "alpha": 3.0235143299241294E-12,
  "beta": 5.4310282158113381,
  "Vusv_step": 252.73018724369769,
  "V0": 44.307095288402834,
  "Vd": 12.058260110134947,
  "Vusv_step_time": 30
}