{
  "Past_lv": 248.53159034000814,
  "Vast_lv": 197.40912387974529,
  "LVM": 297.22865647729634,
  "Vm": 236.64986557982806,
  "c3": -0.000840716153179181,
  "c2": 0.038129688113331388,
  "c1": 0.192554222254473,
  "c0": -12.932959138062007,
  "alpha": 4.3603344311875162E-13,
  "beta": 5.7201809313371346,
  "Vusv_step": 121.06932374215485,
  "V0": 46.96212772341282,
  "Vd": 12.780832228523742,
  "Vusv_step_time": 30
}