{
  "Past_lv": 243.48922329056262,
  "Vast_lv": 282.25751770919709,
  "LVM": 274.88359473635171,
  "Vm": 247.4186956217047,
  "c3": -0.00088385789591997909,
  "c2": 0.011602163493191549,
  "c1": 0.39157782049896689,
  "c0": -13.239533182670273,
  "alpha": 1.958819073941896E-12,
  "beta": 5.5747240629409642,
  "Vusv_step": 299.67347470112861,
  "V0": 43.43160796834357,
  "Vd": 11.819994573663124,
  "Vusv_step_time": 30
}