{
  "Past_lv": 246.38327199031238,
  "Vast_lv": 192.76890133608961,
  "LVM": 270.60217107839975,
  "Vm": 238.53876339941851,
  "c3": -0.00065659700964901713,
  "c2": 0.01797381562461834,
  "c1": 0.38565581762101708,
  "c0": -12.170342887550142,
  "alpha": 9.7009412068342E-13,
  "beta": 5.8151423448581534,
  "Vusv_step": 206.12977856559047,
  "V0": 42.75514303038716,
  "Vd": 11.63589335637119,
  "Vusv_step_time": 30
}