{
  "Past_lv": 151.6842310608609,
  "Vast_lv": 175.68642766859853,
  "LVM": 224.16900802290832,
  "Vm": 238.23064380075647,
  "c3": -0.00052241696101610832,
  "c2": 0.0056073020396603945,
  "c1": 0.22661446514427969,
  "c0": -13.054070291335986,
  "alpha": 2.7989703426005656E-12,
  "beta": 5.6753362473341209,
  "Vusv_step": 120.28861730072849,
  "V0": 35.41870326761952,
  "Vd": 9.6392673449850577,
  "Vusv_step_time": 30
}