{
  "Past_lv": 253.48687103784596,
  "Vast_lv": 220.24278065331788,
  "LVM": 241.62694610697477,
  "Vm": 233.72919352246498,
  "c3": -0.00044291140986802422,
  "c2": 0.0036971080582651333,
  "c1": 0.42183965051452788,
  "c0": -12.448847940434778,
  "alpha": 4.0722363692670506E-12,
  "beta": 5.7763364306527869,
  "Vusv_step": 52.002820862622976,
  "V0": 38.177057484902015,
  "Vd": 10.389958682599916,
  "Vusv_step_time": 30
}