{
  "Past_lv": 138.36199135992015,
  "Vast_lv": 268.02271235456158,
  "LVM": 214.45980112905912,
  "Vm": 244.73895435929404,
  "c3": -0.00059315318006120717,
  "c2": 0.039309314103485475,
  "c1": 0.31036597572382346,
  "c0": -16.149559139350185,
  "alpha": 1.8322412364575317E-12,
  "beta": 5.5594046730826125,
  "Vusv_step": 225.82578806581603,
  "V0": 33.884648578391342,
  "Vd": 9.221771448549541,
  "Vusv_step_time": 30
}