{
  "Past_lv": 230.73222385436361,
  "Vast_lv": 181.37379824936343,
  "LVM": 268.28419793228119,
  "Vm": 247.88437071140262,
  "c3": -0.00042521740754030573,
  "c2": -0.00045372939792422823,
  "c1": 0.15505940897504367,
  "c0": -15.500740434794778,
  "alpha": 2.3880338548997531E-12,
  "beta": 5.6461151313139766,
  "Vusv_step": 214.872387464319,
  "V0": 42.388903273300429,
  "Vd": 11.536220511088091,
  "Vusv_step_time": 30
}