{
  "Past_lv": 176.36535680717526,
  "Vast_lv": 287.739344449655,
  "LVM": 231.24894533428392,
  "Vm": 237.07114083261652,
  "c3": -0.00029693956834694727,
  "c2": 0.016767477867562039,
  "c1": 0.5213089110275605,
  "c0": -12.819848276650685,
  "alpha": 2.5600225898589189E-12,
  "beta": 5.8522502697697041,
  "Vusv_step": 253.23335046886996,
  "V0": 36.53733336281686,
  "Vd": 9.9437046493742081,
  "Vusv_step_time": 30
}