{
  "Past_lv": 259.01038058305892,
  "Vast_lv": 263.98858122292648,
  "LVM": 181.87533098167305,
  "Vm": 243.42876685386858,
  "c3": -0.00079131889977113884,
  "c2": 0.015442900518493761,
  "c1": 0.076570130065354736,
  "c0": -13.720981203728229,
  "alpha": 2.4827884922072798E-12,
  "beta": 5.691874001690433,
  "Vusv_step": 152.45358987565714,
  "V0": 28.736302295104341,
  "Vd": 7.82063923221194,
  "Vusv_step_time": 30
}