{
  "Past_lv": 261.78556072780111,
  "Vast_lv": 298.39078976027264,
  "LVM": 207.31234659707903,
  "Vm": 239.31278803373655,
  "c3": -0.0010596707975053057,
  "c2": -1.6482580887863807E-5,
  "c1": 0.0739094536683348,
  "c0": -14.9988243508277,
  "alpha": 2.5011398817493478E-12,
  "beta": 5.5112959789713205,
  "Vusv_step": 194.45471686920374,
  "V0": 32.755350762338487,
  "Vd": 8.9144309036743987,
  "Vusv_step_time": 30
}