{
  "Past_lv": 199.06174275243683,
  "Vast_lv": 240.94801492624589,
  "LVM": 299.52514078944131,
  "Vm": 242.55034623296166,
  "c3": -0.00075912438975793786,
  "c2": 0.0057499371486372033,
  "c1": 0.044893839687894878,
  "c0": -15.708429527506986,
  "alpha": 1.8697742486590381E-12,
  "beta": 5.6395544869799492,
  "Vusv_step": 208.0959546399223,
  "V0": 47.324972244731725,
  "Vd": 12.879581053945977,
  "Vusv_step_time": 30
}