{
  "Past_lv": 209.88380306985178,
  "Vast_lv": 189.34743170929295,
  "LVM": 203.93674241422718,
  "Vm": 247.3906802640397,
  "c3": -0.00053580930736765969,
  "c2": 0.018001254676167009,
  "c1": 0.32004884585375853,
  "c0": -12.507172423732134,
  "alpha": 9.353745672078E-13,
  "beta": 5.7924532619258509,
  "Vusv_step": 39.700250222424629,
  "V0": 32.2220053014479,
  "Vd": 8.76927992381177,
  "Vusv_step_time": 30
}