{
  "Past_lv": 258.12880524330069,
  "Vast_lv": 286.80526404610538,
  "LVM": 228.65593246466739,
  "Vm": 240.36176010448381,
  "c3": -0.00092931250834802249,
  "c2": 0.023056321117879558,
  "c1": 0.4541100664844388,
  "c0": -13.135687468992689,
  "alpha": 3.5256839407257538E-12,
  "beta": 5.8407635068755335,
  "Vusv_step": 189.09900798225155,
  "V0": 36.127637329417446,
  "Vd": 9.8322050959806973,
  "Vusv_step_time": 30
}