{
  "Past_lv": 239.28348199790645,
  "Vast_lv": 294.03546867185651,
  "LVM": 253.19331953097557,
  "Vm": 233.37981779923354,
  "c3": -0.00066247093407125293,
  "c2": 0.036587443969610223,
  "c1": 0.091257610935883984,
  "c0": -15.579900677860225,
  "alpha": 5.3078367612381492E-13,
  "beta": 5.8565676678266216,
  "Vusv_step": 240.20600208687418,
  "V0": 40.004544485894144,
  "Vd": 10.88731273983195,
  "Vusv_step_time": 30
}