{
  "Past_lv": 158.84335970789314,
  "Vast_lv": 205.51747475599581,
  "LVM": 228.32220148770995,
  "Vm": 247.07449808780115,
  "c3": -0.00095433370575433033,
  "c2": 0.044997223844611682,
  "c1": 0.37464550212517844,
  "c0": -14.388479129478087,
  "alpha": 4.8355370077337672E-13,
  "beta": 5.806744506517342,
  "Vusv_step": 82.040263823022585,
  "V0": 36.074907835058177,
  "Vd": 9.8178546639715272,
  "Vusv_step_time": 30
}