{
  "Past_lv": 156.04716385121543,
  "Vast_lv": 259.63171829475931,
  "LVM": 193.4887903733823,
  "Vm": 249.23697612742333,
  "c3": -0.00057713080508589218,
  "c2": 0.027699709917392169,
  "c1": 0.56537715005389622,
  "c0": -14.252609529747186,
  "alpha": 2.9366856422789011E-12,
  "beta": 5.7795485144798295,
  "Vusv_step": 237.80893162342232,
  "V0": 30.571228878994408,
  "Vd": 8.3200179860554382,
  "Vusv_step_time": 30
}