{
  "Past_lv": 212.57264318161438,
  "Vast_lv": 230.55007102732932,
  "LVM": 217.99130758306981,
  "Vm": 246.333979731346,
  "c3": -8.6406812667310208E-5,
  "c2": 0.043502338861549451,
  "c1": 0.37787659805227941,
  "c0": -14.521415692785276,
  "alpha": 3.4685432473538294E-13,
  "beta": 5.5133072988153824,
  "Vusv_step": 118.24663463300318,
  "V0": 34.442626598125031,
  "Vd": 9.3736262260720018,
  "Vusv_step_time": 30
}