{
  "Past_lv": 214.82126408744335,
  "Vast_lv": 231.79221745933216,
  "LVM": 221.00922392491532,
  "Vm": 243.52575427141022,
  "c3": -0.00017060309719440787,
  "c2": 0.019498147625799996,
  "c1": 0.44782973570226675,
  "c0": -16.489375461495293,
  "alpha": 3.5665395692797783E-12,
  "beta": 5.6702909330492979,
  "Vusv_step": 242.80194167244326,
  "V0": 34.91945738013662,
  "Vd": 9.5033966287713589,
  "Vusv_step_time": 30
}