{
  "Past_lv": 266.2274332126425,
  "Vast_lv": 266.28042617195183,
  "LVM": 206.98045096383817,
  "Vm": 233.63949198568704,
  "c3": -0.00078417208217335544,
  "c2": 0.0065540015741806651,
  "c1": 0.4182757547065975,
  "c0": -13.365706542840964,
  "alpha": 1.2436492372370081E-12,
  "beta": 5.7595868291566381,
  "Vusv_step": 250.25524896087646,
  "V0": 32.702911252286434,
  "Vd": 8.90015939144504,
  "Vusv_step_time": 30
}