{
  "Past_lv": 183.9733783942747,
  "Vast_lv": 214.39149256058255,
  "LVM": 209.4694851723157,
  "Vm": 242.57396231663472,
  "c3": -0.00058431060484402425,
  "c2": 0.014382148802310861,
  "c1": 0.32212700473759059,
  "c0": -13.794531746599224,
  "alpha": 2.0286016199139247E-12,
  "beta": 5.8238190031417378,
  "Vusv_step": 9.1905774916492948,
  "V0": 33.096178657225884,
  "Vd": 9.0071878624095749,
  "Vusv_step_time": 30
}