{
  "Past_lv": 187.43413905046182,
  "Vast_lv": 228.77506822757147,
  "LVM": 227.8026322098921,
  "Vm": 242.80940917363611,
  "c3": -0.00013252663751768274,
  "c2": 0.022598667859333472,
  "c1": 0.51628564835189483,
  "c0": -15.814614217210512,
  "alpha": 2.6765157051634649E-12,
  "beta": 5.6544647509228669,
  "Vusv_step": 73.90101436933719,
  "V0": 35.992815889162955,
  "Vd": 9.79551318502536,
  "Vusv_step_time": 30
}