{
  "Past_lv": 125.85799918799633,
  "Vast_lv": 279.13117785063679,
  "LVM": 242.74487950167526,
  "Vm": 231.96595807749671,
  "c3": -7.3978810794438684E-5,
  "c2": 0.036844812690735862,
  "c1": 0.41956030590657623,
  "c0": -14.195266833845295,
  "alpha": 1.4610292812845809E-12,
  "beta": 5.6939689759919112,
  "Vusv_step": 168.51863978435983,
  "V0": 38.353690961264689,
  "Vd": 10.438029818572035,
  "Vusv_step_time": 30
}