{
  "Past_lv": 235.6796969572986,
  "Vast_lv": 237.6496482423035,
  "LVM": 237.56692908683013,
  "Vm": 248.4382541712603,
  "c3": -0.0010071724440838595,
  "c2": 0.010833527478053849,
  "c1": 0.303270726292162,
  "c0": -12.398970790456582,
  "alpha": 1.627009801632751E-12,
  "beta": 5.6756598152459583,
  "Vusv_step": 33.624861721155071,
  "V0": 37.535574795719164,
  "Vd": 10.215377950733695,
  "Vusv_step_time": 30
}