{
  "Past_lv": 161.36122070440831,
  "Vast_lv": 262.60744284042096,
  "LVM": 265.46447299992957,
  "Vm": 230.82814833256833,
  "c3": -0.00067912601116954028,
  "c2": 0.022402018779157064,
  "c1": 0.092325763674871511,
  "c0": -13.81425605009338,
  "alpha": 9.2935369986308342E-13,
  "beta": 5.7554379172094512,
  "Vusv_step": 126.47173911559088,
  "V0": 41.943386733988874,
  "Vd": 11.41497233899697,
  "Vusv_step_time": 30
}