{
  "Past_lv": 206.78029559210569,
  "Vast_lv": 233.69161938413833,
  "LVM": 212.76693347629634,
  "Vm": 245.27324605470724,
  "c3": -0.00078851682374541905,
  "c2": 0.01142268976375465,
  "c1": 0.27282141235575313,
  "c0": -16.690868635655857,
  "alpha": 1.7153173777293464E-12,
  "beta": 5.4163559391710034,
  "Vusv_step": 248.20955255084434,
  "V0": 33.617175489254826,
  "Vd": 9.148978139480743,
  "Vusv_step_time": 30
}