{
  "Past_lv": 164.97085724866156,
  "Vast_lv": 200.54981060132616,
  "LVM": 175.99829229085793,
  "Vm": 248.90348948653696,
  "c3": -0.00087395193978760872,
  "c2": 0.030833728546126916,
  "c1": 0.59183657222261643,
  "c0": -13.255355723820706,
  "alpha": 1.6909989554319228E-12,
  "beta": 5.8454582982789649,
  "Vusv_step": 275.81889329972182,
  "V0": 27.807730181955552,
  "Vd": 7.5679265685068913,
  "Vusv_step_time": 30
}