{
  "Past_lv": 256.54601757828948,
  "Vast_lv": 268.38387089729906,
  "LVM": 251.98637521242495,
  "Vm": 246.27431850244511,
  "c3": -0.00079394011738112644,
  "c2": 0.037948981984045713,
  "c1": 0.33553085391311532,
  "c0": -16.180912533081006,
  "alpha": 3.3487786193747423E-12,
  "beta": 5.5118701560685173,
  "Vusv_step": 258.55113052325351,
  "V0": 39.813847283563142,
  "Vd": 10.835414134134274,
  "Vusv_step_time": 30
}