{
  "Past_lv": 251.92612169532384,
  "Vast_lv": 290.24938631452994,
  "LVM": 252.42287629068619,
  "Vm": 243.73549844862333,
  "c3": -0.001042082848720597,
  "c2": 0.011071789492707339,
  "c1": 0.44174379405158604,
  "c0": -15.149362286729033,
  "alpha": 4.0466214069277947E-12,
  "beta": 5.8160473354544093,
  "Vusv_step": 218.44206295684444,
  "V0": 39.882814453928418,
  "Vd": 10.854183680499506,
  "Vusv_step_time": 30
}