{
  "Past_lv": 263.16491700809661,
  "Vast_lv": 240.12898187288377,
  "LVM": 232.51849258587231,
  "Vm": 236.70501153855184,
  "c3": -0.00030704278816378033,
  "c2": 0.015003773890957847,
  "c1": 0.031796746735977634,
  "c0": -12.976226415563353,
  "alpha": 3.4722626599769532E-12,
  "beta": 5.6341490693965666,
  "Vusv_step": 50.217486485381251,
  "V0": 36.737921828567828,
  "Vd": 9.9982951811925087,
  "Vusv_step_time": 30
}