{
  "Past_lv": 208.08179144917551,
  "Vast_lv": 285.41837949941151,
  "LVM": 216.06495636634389,
  "Vm": 247.13744660371276,
  "c3": -0.00035956413646654893,
  "c2": 0.013007969426354932,
  "c1": 0.069948688571654191,
  "c0": -11.785789494712917,
  "alpha": 2.6430236967106294E-12,
  "beta": 5.66026130828094,
  "Vusv_step": 289.5691788300694,
  "V0": 34.138263105882338,
  "Vd": 9.2907931237527865,
  "Vusv_step_time": 30
}