{
  "Past_lv": 204.86233233526562,
  "Vast_lv": 282.17417417053855,
  "LVM": 182.1299921398672,
  "Vm": 244.15665380649736,
  "c3": -9.9940631337936976E-5,
  "c2": 0.010034873697592352,
  "c1": 0.39713734091129016,
  "c0": -15.43537447300719,
  "alpha": 1.0500392639799107E-12,
  "beta": 5.8435148044484961,
  "Vusv_step": 75.709518589347823,
  "V0": 28.776538758099019,
  "Vd": 7.83158966201429,
  "Vusv_step_time": 30
}