{
  "Past_lv": 122.34833150557063,
  "Vast_lv": 182.06284803471183,
  "LVM": 266.76297643832288,
  "Vm": 244.4970446538149,
  "c3": -0.00027318177286612434,
  "c2": 0.039588204781766924,
  "c1": 0.07991356491568706,
  "c0": -14.975532819723369,
  "alpha": 2.6128403892964919E-12,
  "beta": 5.610719371540843,
  "Vusv_step": 209.88073372615332,
  "V0": 42.148550277255019,
  "Vd": 11.470807986847882,
  "Vusv_step_time": 30
}