{
  "Past_lv": 199.80245626627271,
  "Vast_lv": 179.92233296496741,
  "LVM": 219.02059344172022,
  "Vm": 247.93443964951305,
  "c3": -0.00076945350145247917,
  "c2": 0.023480889078364091,
  "c1": 0.2059372949181294,
  "c0": -14.364066169895617,
  "alpha": 4.1257037925655449E-12,
  "beta": 5.7969725399609882,
  "Vusv_step": 200.73108759019473,
  "V0": 34.6052537637918,
  "Vd": 9.41788551799397,
  "Vusv_step_time": 30
}