{
  "Past_lv": 172.54246499714702,
  "Vast_lv": 220.77546858406768,
  "LVM": 295.31304716185468,
  "Vm": 248.71134496938362,
  "c3": -0.00019462967615564686,
  "c2": 0.00846299971198642,
  "c1": 0.52015763458844144,
  "c0": -13.770784479731189,
  "alpha": 1.6708129349612554E-12,
  "beta": 5.560492688567356,
  "Vusv_step": 176.45230242183524,
  "V0": 46.659461451573044,
  "Vd": 12.698461027959752,
  "Vusv_step_time": 30
}