{
  "Past_lv": 242.38797032312362,
  "Vast_lv": 177.23578476687914,
  "LVM": 267.29672116742745,
  "Vm": 249.63155207058833,
  "c3": -0.000378181835808348,
  "c2": 0.024118260349672474,
  "c1": 0.426795613092403,
  "c0": -14.433460609366518,
  "alpha": 1.1053202852579473E-12,
  "beta": 5.6668660965949584,
  "Vusv_step": 188.7521467158974,
  "V0": 42.232881944453538,
  "Vd": 11.49375901019938,
  "Vusv_step_time": 30
}