{
  "Past_lv": 229.90707493832861,
  "Vast_lv": 225.9296412908069,
  "LVM": 215.55656639441202,
  "Vm": 239.71289620002952,
  "c3": -0.00093199900489795008,
  "c2": 0.016701625995653196,
  "c1": 0.14305362315793119,
  "c0": -14.798230770202482,
  "alpha": 3.3952697450302308E-12,
  "beta": 5.4673976659076242,
  "Vusv_step": 110.8269251211,
  "V0": 34.0579374903171,
  "Vd": 9.2689323549597162,
  "Vusv_step_time": 30
}