{
  "Past_lv": 221.21622005542235,
  "Vast_lv": 237.75254365192069,
  "LVM": 175.13914630745342,
  "Vm": 236.08156532518413,
  "c3": -0.00080332372273886365,
  "c2": 0.012440878644336156,
  "c1": 0.30625465526602957,
  "c0": -12.712193978538515,
  "alpha": 3.6792597259840877E-12,
  "beta": 5.6523994143755729,
  "Vusv_step": 97.495466834092653,
  "V0": 27.671985116577638,
  "Vd": 7.5309832912204966,
  "Vusv_step_time": 30
}