{
  "Past_lv": 215.96650792090807,
  "Vast_lv": 277.34662139257046,
  "LVM": 232.41777958783786,
  "Vm": 234.48262874200051,
  "c3": -0.00062483475660269749,
  "c2": 0.016068754696299394,
  "c1": 0.47014646980769226,
  "c0": -14.729301607309402,
  "alpha": 1.8189063116905132E-12,
  "beta": 5.4682716264175895,
  "Vusv_step": 151.0161433590971,
  "V0": 36.72200917487838,
  "Vd": 9.993964522277027,
  "Vusv_step_time": 30
}