{
  "Past_lv": 163.92123552051439,
  "Vast_lv": 296.77464116239537,
  "LVM": 274.2746985115723,
  "Vm": 239.03884895046579,
  "c3": -0.00057386428650503443,
  "c2": 0.024235673520960656,
  "c1": 0.16179814410077745,
  "c0": -15.327008546624732,
  "alpha": 3.2231247244133189E-12,
  "beta": 5.7698383483753926,
  "Vusv_step": 287.021545116367,
  "V0": 43.335402364828425,
  "Vd": 11.793812035997608,
  "Vusv_step_time": 30
}