{
  "Past_lv": 144.90274637843441,
  "Vast_lv": 278.76536172258341,
  "LVM": 234.9441402597148,
  "Vm": 239.95439264102365,
  "c3": -0.00025443757666811782,
  "c2": 0.031940228669366133,
  "c1": 0.26127625306617963,
  "c0": -12.898086714919165,
  "alpha": 3.9298527631225671E-12,
  "beta": 5.4508216701601038,
  "Vusv_step": 145.35531155403822,
  "V0": 37.121174161034943,
  "Vd": 10.102598031167735,
  "Vusv_step_time": 30
}