{
  "Past_lv": 239.66498250571885,
  "Vast_lv": 270.63185806046249,
  "LVM": 260.46237605255709,
  "Vm": 230.86950984537452,
  "c3": -0.00068108288409872257,
  "c2": 0.017607094746267191,
  "c1": 0.17853501223808746,
  "c0": -11.973792709443595,
  "alpha": 2.5868256547604249E-13,
  "beta": 5.5501637746731491,
  "Vusv_step": 285.40019980610845,
  "V0": 41.153055416304021,
  "Vd": 11.199882170259954,
  "Vusv_step_time": 30
}