{
  "Past_lv": 121.38255712515387,
  "Vast_lv": 232.37659780378561,
  "LVM": 190.49242996604869,
  "Vm": 246.12147455513772,
  "c3": -0.00066010352493126674,
  "c2": 0.034878800742208067,
  "c1": 0.078351701887247049,
  "c0": -13.602356522921394,
  "alpha": 6.57331207361537E-13,
  "beta": 5.8040098317333086,
  "Vusv_step": 51.532272415011931,
  "V0": 30.097803934635696,
  "Vd": 8.1911744885400939,
  "Vusv_step_time": 30
}