{
  "Past_lv": 192.94210653225738,
  "Vast_lv": 260.89190711008689,
  "LVM": 292.98370723625749,
  "Vm": 232.42880294658502,
  "c3": -0.00049358542485423409,
  "c2": -0.0019054157853369835,
  "c1": 0.42021435415050562,
  "c0": -12.488117240282389,
  "alpha": 2.9883803448674174E-12,
  "beta": 5.5935153662761774,
  "Vusv_step": 128.83828477760736,
  "V0": 46.291425743328681,
  "Vd": 12.59829941115907,
  "Vusv_step_time": 30
}