{
  "Past_lv": 266.7097421292732,
  "Vast_lv": 201.927537987351,
  "LVM": 285.92183380047067,
  "Vm": 237.47940288888267,
  "c3": -6.5972150814309037E-5,
  "c2": 0.0031019936502318726,
  "c1": 0.18322180584888931,
  "c0": -15.669551164126506,
  "alpha": 1.4378271690284076E-12,
  "beta": 5.4832778877162776,
  "Vusv_step": 261.31580055141239,
  "V0": 45.175649740474363,
  "Vd": 12.294638853420238,
  "Vusv_step_time": 30
}