{
  "Past_lv": 136.80889693702696,
  "Vast_lv": 253.04406301799179,
  "LVM": 276.7535495843448,
  "Vm": 238.13974888645129,
  "c3": -0.00062795178777858788,
  "c2": 0.042136629907653253,
  "c1": 0.1765596240425471,
  "c0": -16.452387820505361,
  "alpha": 3.7134216417432627E-12,
  "beta": 5.514763563871222,
  "Vusv_step": 167.50913407738133,
  "V0": 43.727060834326473,
  "Vd": 11.900402632126825,
  "Vusv_step_time": 30
}