{
  "Past_lv": 126.05760841022288,
  "Vast_lv": 182.80200399952028,
  "LVM": 269.84195334619233,
  "Vm": 240.80366817022713,
  "c3": -0.00011819490972999735,
  "c2": 0.041886734093053136,
  "c1": 0.29805439244235327,
  "c0": -14.142315594017404,
  "alpha": 3.3390391789329233E-12,
  "beta": 5.478696427453241,
  "Vusv_step": 70.062615753055212,
  "V0": 42.635028628698393,
  "Vd": 11.60320399388627,
  "Vusv_step_time": 30
}