{
  "Past_lv": 264.22057522845807,
  "Vast_lv": 286.65854637582129,
  "LVM": 245.40968492120282,
  "Vm": 243.18287475628159,
  "c3": -0.0010375458112663837,
  "c2": 0.035550616850301017,
  "c1": 0.060392197102266239,
  "c0": -12.1378024858937,
  "alpha": 1.2952913493965671E-12,
  "beta": 5.4338412209416491,
  "Vusv_step": 279.4049705957608,
  "V0": 38.774730217550051,
  "Vd": 10.552616451611721,
  "Vusv_step_time": 30
}