{
  "Past_lv": 183.63676094430076,
  "Vast_lv": 271.7884496197816,
  "LVM": 290.93741314887484,
  "Vm": 236.54328461112925,
  "c3": -0.00032596738846348559,
  "c2": 0.00552473726085978,
  "c1": 0.59458823786319437,
  "c0": -14.508335598767808,
  "alpha": 1.3462322667467236E-12,
  "beta": 5.7083292833510715,
  "Vusv_step": 268.13527904249156,
  "V0": 45.968111277522233,
  "Vd": 12.510308765401616,
  "Vusv_step_time": 30
}