{
  "Past_lv": 181.73738173867292,
  "Vast_lv": 186.73658879493809,
  "LVM": 249.62954478342769,
  "Vm": 249.99411661301784,
  "c3": -0.00058780057787756761,
  "c2": 0.0073228029339677259,
  "c1": 0.04709404798351919,
  "c0": -13.387244615006122,
  "alpha": 2.4509875659720054E-12,
  "beta": 5.477058412755877,
  "Vusv_step": 292.89434553371154,
  "V0": 39.441468075781579,
  "Vd": 10.734070425687388,
  "Vusv_step_time": 30
}