{
  "Past_lv": 225.48943004975553,
  "Vast_lv": 261.70912601700059,
  "LVM": 239.26269456155072,
  "Vm": 239.09447762769327,
  "c3": -0.00034515428495573953,
  "c2": 0.029688459927254079,
  "c1": 0.54924823833085135,
  "c0": -15.074557274238993,
  "alpha": 9.8233975132765628E-13,
  "beta": 5.4663329368635258,
  "Vusv_step": 269.19884986313264,
  "V0": 37.803505740725015,
  "Vd": 10.288295866146679,
  "Vusv_step_time": 30
}