{
  "Past_lv": 222.04926583399731,
  "Vast_lv": 197.61924399598982,
  "LVM": 258.09846569852982,
  "Vm": 245.37207122571775,
  "c3": -0.00081028016315656619,
  "c2": 0.0049674044771868958,
  "c1": 0.43607460318694041,
  "c0": -13.209356753986617,
  "alpha": 3.801382123254975E-12,
  "beta": 5.7519871431036078,
  "Vusv_step": 92.018370037661455,
  "V0": 40.779557580367715,
  "Vd": 11.098234025036781,
  "Vusv_step_time": 30
}