{
  "Past_lv": 149.7468099705072,
  "Vast_lv": 275.14721188796807,
  "LVM": 262.56778247135315,
  "Vm": 236.43594059682334,
  "c3": -0.00023813412411547905,
  "c2": 0.024150902193359355,
  "c1": 0.49289383553522248,
  "c0": -16.671990431241937,
  "alpha": 3.5185568513398279E-12,
  "beta": 5.8326067505913075,
  "Vusv_step": 127.29516340104715,
  "V0": 41.4857096304738,
  "Vd": 11.290414646268184,
  "Vusv_step_time": 30
}