{
  "Past_lv": 167.993519946667,
  "Vast_lv": 260.603935007979,
  "LVM": 188.24550943567169,
  "Vm": 239.27927543208091,
  "c3": -4.8260941504544522E-5,
  "c2": 0.027341182827244261,
  "c1": 0.028479823935190864,
  "c0": -13.429383127924208,
  "alpha": 1.8848065335935014E-12,
  "beta": 5.6196096029326874,
  "Vusv_step": 154.23822224644448,
  "V0": 29.742790490836128,
  "Vd": 8.0945569057338815,
  "Vusv_step_time": 30
}