{
  "Past_lv": 244.03097607471966,
  "Vast_lv": 219.94731187547993,
  "LVM": 281.80723653385417,
  "Vm": 245.0320425714886,
  "c3": -0.00052353787780336735,
  "c2": 0.044681945400675861,
  "c1": 0.28713517443327619,
  "c0": -11.805781253169588,
  "alpha": 2.657545132692317E-12,
  "beta": 5.5013386454246254,
  "Vusv_step": 173.03482659633269,
  "V0": 44.525543372348956,
  "Vd": 12.117711170955729,
  "Vusv_step_time": 30
}