{
  "Past_lv": 168.96208106741278,
  "Vast_lv": 214.94427024181329,
  "LVM": 285.11200637041134,
  "Vm": 242.43363316849488,
  "c3": -0.00083888338851897471,
  "c2": 0.0013531269888500466,
  "c1": 0.026173339784486788,
  "c0": -15.014131404250914,
  "alpha": 2.3166553719953691E-12,
  "beta": 5.8142461701520283,
  "Vusv_step": 154.89619383232738,
  "V0": 45.047697006525,
  "Vd": 12.259816273927687,
  "Vusv_step_time": 30
}