{
  "Past_lv": 237.46149740622462,
  "Vast_lv": 225.47788894278477,
  "LVM": 220.15917179162824,
  "Vm": 247.62420069267949,
  "c3": -0.00094562080088632068,
  "c2": 0.038678377028416019,
  "c1": 0.20958843920327247,
  "c0": -15.36481391456153,
  "alpha": 6.673098012118929E-13,
  "beta": 5.7367035717235888,
  "Vusv_step": 232.78849552584416,
  "V0": 34.785149143077263,
  "Vd": 9.4668443870400143,
  "Vusv_step_time": 30
}